-- MySQL dump 10.13  Distrib 8.0.23, for Linux (x86_64)
--
-- Host: localhost    Database: vk
-- ------------------------------------------------------
-- Server version	8.0.23-0ubuntu0.20.04.1

/*!40101 SET @OLD_CHARACTER_SET_CLIENT=@@CHARACTER_SET_CLIENT */;
/*!40101 SET @OLD_CHARACTER_SET_RESULTS=@@CHARACTER_SET_RESULTS */;
/*!40101 SET @OLD_COLLATION_CONNECTION=@@COLLATION_CONNECTION */;
/*!50503 SET NAMES utf8mb4 */;
/*!40103 SET @OLD_TIME_ZONE=@@TIME_ZONE */;
/*!40103 SET TIME_ZONE='+00:00' */;
/*!40014 SET @OLD_UNIQUE_CHECKS=@@UNIQUE_CHECKS, UNIQUE_CHECKS=0 */;
/*!40014 SET @OLD_FOREIGN_KEY_CHECKS=@@FOREIGN_KEY_CHECKS, FOREIGN_KEY_CHECKS=0 */;
/*!40101 SET @OLD_SQL_MODE=@@SQL_MODE, SQL_MODE='NO_AUTO_VALUE_ON_ZERO' */;
/*!40111 SET @OLD_SQL_NOTES=@@SQL_NOTES, SQL_NOTES=0 */;

--
-- Table structure for table `communities`
--

DROP TABLE IF EXISTS `communities`;
/*!40101 SET @saved_cs_client     = @@character_set_client */;
/*!50503 SET character_set_client = utf8mb4 */;
CREATE TABLE `communities` (
  `id` int unsigned NOT NULL AUTO_INCREMENT COMMENT 'Идентификатор сроки',
  `name` varchar(150) CHARACTER SET utf8mb4 COLLATE utf8mb4_unicode_ci NOT NULL COMMENT 'Название группы',
  `created_at` datetime DEFAULT CURRENT_TIMESTAMP COMMENT 'Время создания строки',
  `updated_at` datetime DEFAULT CURRENT_TIMESTAMP ON UPDATE CURRENT_TIMESTAMP COMMENT 'Время обновления строки',
  PRIMARY KEY (`id`),
  UNIQUE KEY `name` (`name`)
) ENGINE=InnoDB AUTO_INCREMENT=101 DEFAULT CHARSET=utf8mb4 COLLATE=utf8mb4_unicode_ci COMMENT='Группы';
/*!40101 SET character_set_client = @saved_cs_client */;

--
-- Dumping data for table `communities`
--

LOCK TABLES `communities` WRITE;
/*!40000 ALTER TABLE `communities` DISABLE KEYS */;
INSERT INTO `communities` VALUES (1,'et','2016-05-10 23:09:53','1982-02-27 12:06:41'),(2,'quod','1997-06-13 12:04:01','2019-03-02 14:26:42'),(3,'quia','2009-01-08 03:42:42','1974-03-30 19:41:36'),(4,'ea','2006-04-20 21:05:05','2010-04-14 00:07:04'),(5,'commodi','2017-09-17 09:04:50','2003-04-14 06:20:43'),(6,'quidem','1978-12-30 02:51:55','2007-08-16 11:13:28'),(7,'earum','2020-02-04 11:43:22','1973-04-06 06:26:13'),(8,'unde','2017-07-12 08:23:38','2014-12-19 16:01:23'),(9,'aliquam','2001-05-21 04:44:52','1997-12-28 10:04:07'),(10,'porro','2020-07-27 04:11:18','1971-10-14 17:17:58'),(11,'culpa','2001-10-23 23:55:56','1996-12-29 04:09:33'),(12,'dicta','1982-01-23 05:44:06','1970-01-31 22:46:03'),(13,'rerum','1996-02-10 19:24:04','2004-03-07 16:38:35'),(14,'est','2004-01-25 04:30:48','2000-07-13 04:50:54'),(15,'illum','1990-10-11 15:31:53','1971-07-04 18:00:12'),(16,'possimus','1975-05-02 22:14:33','2000-12-28 11:42:35'),(17,'aut','1972-01-04 15:49:28','1996-11-16 16:42:10'),(18,'harum','1985-01-12 22:40:02','2000-06-17 15:26:25'),(19,'vitae','2000-12-25 19:56:54','2020-07-30 08:59:32'),(20,'perspiciatis','2013-04-10 22:44:24','1998-11-29 15:50:25'),(21,'sed','2003-05-26 04:22:34','1984-07-06 11:51:36'),(22,'id','2008-10-30 17:09:33','1985-07-15 17:46:08'),(23,'ipsa','1986-07-25 19:35:23','1984-11-02 10:27:18'),(24,'alias','1989-05-28 15:29:26','1983-12-17 13:36:08'),(25,'nisi','1988-12-29 10:06:37','2019-06-22 10:25:07'),(26,'quos','1993-06-01 07:19:04','2016-12-18 04:46:59'),(27,'aperiam','1981-10-25 21:31:48','2016-04-10 09:20:26'),(28,'recusandae','2019-03-04 01:48:50','2011-12-20 14:03:58'),(29,'officiis','2004-04-15 09:55:08','2013-06-07 19:36:17'),(30,'vel','2000-11-22 12:59:46','1971-03-16 15:11:52'),(31,'dolores','2004-01-25 03:48:44','2009-03-01 12:01:14'),(32,'sunt','1995-04-17 10:40:37','2003-02-23 13:55:19'),(33,'enim','1982-07-25 18:41:18','2005-11-07 08:43:37'),(34,'quis','2004-10-08 00:50:53','2000-02-19 03:59:57'),(35,'praesentium','1995-04-07 09:54:19','1987-08-06 13:38:55'),(36,'ut','1984-08-22 20:21:11','2016-05-07 09:21:19'),(37,'voluptatem','1985-12-05 06:34:19','2018-09-09 07:40:08'),(38,'animi','2003-07-18 12:11:24','1992-03-02 09:01:24'),(39,'neque','2007-01-15 06:29:48','1978-07-24 21:18:58'),(40,'odit','1975-02-16 17:14:07','1980-07-16 04:52:48'),(41,'ducimus','2016-01-15 15:46:45','1985-11-12 02:43:47'),(42,'quo','2001-03-22 17:53:12','1994-04-27 16:49:24'),(43,'distinctio','2007-05-20 09:52:28','2000-08-15 04:49:44'),(44,'iure','1985-11-18 03:47:56','1976-03-06 03:34:26'),(45,'natus','1996-02-29 14:49:24','1978-11-29 23:36:57'),(46,'nihil','2017-09-21 08:20:44','2013-08-18 12:30:01'),(47,'consequatur','2013-06-05 08:48:25','1994-08-24 07:43:24'),(48,'expedita','1973-05-06 22:06:30','1986-09-28 19:21:57'),(49,'consectetur','2011-07-18 11:17:33','1984-06-21 07:37:27'),(50,'eligendi','1994-09-04 09:53:44','1990-01-12 05:22:19'),(51,'dolorum','1996-08-30 05:39:05','2009-06-20 00:51:34'),(52,'qui','1984-10-21 19:29:31','2020-08-19 12:05:45'),(53,'in','1980-03-20 15:31:14','1971-09-04 15:29:33'),(54,'aliquid','2011-10-30 10:55:15','2016-10-27 16:05:56'),(55,'inventore','2003-10-26 08:33:17','1996-07-14 01:27:11'),(56,'at','1971-06-26 18:32:36','1981-10-13 16:10:18'),(57,'voluptas','2007-06-26 04:51:10','2012-09-02 14:39:08'),(58,'doloremque','1994-11-20 20:15:04','1992-09-06 02:28:11'),(59,'necessitatibus','1984-05-19 22:22:20','2005-08-06 01:29:54'),(60,'pariatur','2016-01-25 15:36:30','2016-07-22 22:18:01'),(61,'voluptate','1997-10-11 23:49:32','1993-01-19 18:46:10'),(62,'accusamus','1989-12-20 13:46:49','1977-09-11 08:58:20'),(63,'eos','1985-08-04 14:20:36','1986-01-07 16:04:53'),(64,'velit','1976-10-11 23:32:09','2003-02-08 01:20:00'),(65,'corporis','2018-10-07 07:01:52','1998-06-10 07:42:33'),(66,'nobis','1981-04-06 10:36:33','1997-10-27 21:15:23'),(67,'a','1988-07-22 22:20:09','2020-11-06 09:38:03'),(68,'autem','2006-08-05 07:21:03','2010-10-05 10:19:00'),(69,'rem','1991-11-17 01:43:50','2001-10-16 08:17:45'),(70,'blanditiis','1977-08-18 13:23:42','2012-04-28 13:18:21'),(71,'omnis','1993-12-26 12:57:27','1994-11-26 10:31:39'),(72,'sit','2000-11-11 18:25:10','2020-09-14 23:22:33'),(73,'laudantium','1997-09-09 13:47:36','2014-09-30 13:15:57'),(74,'iste','1997-05-28 01:12:37','2009-04-05 06:33:47'),(75,'accusantium','1970-04-13 11:24:00','1982-09-01 02:33:07'),(76,'nam','1991-10-18 01:39:49','1973-02-15 07:07:36'),(77,'amet','2004-11-16 15:35:15','1978-06-01 19:30:36'),(78,'reiciendis','1998-03-21 23:17:11','1993-07-18 13:05:45'),(79,'eum','2018-09-17 05:31:57','1979-10-02 17:09:37'),(80,'cupiditate','1999-05-03 10:28:46','1979-12-30 10:02:26'),(81,'ipsum','1986-08-11 12:49:47','1974-07-23 04:48:19'),(82,'consequuntur','1970-01-22 12:28:56','2010-12-02 18:52:39'),(83,'atque','1974-05-19 14:57:15','1981-07-13 21:42:32'),(84,'reprehenderit','2009-08-21 17:49:27','2002-11-09 23:46:27'),(85,'fuga','2005-12-11 03:27:29','1980-09-06 00:20:59'),(86,'nemo','1971-09-10 12:57:17','2003-07-03 08:24:35'),(87,'quae','2013-07-14 23:45:19','1975-04-05 12:19:52'),(88,'impedit','1977-04-05 21:27:30','2003-12-03 00:46:33'),(89,'mollitia','1970-02-25 11:07:42','1997-01-15 21:00:02'),(90,'architecto','2005-03-25 15:46:38','1985-06-14 15:38:12'),(91,'sapiente','2010-05-31 00:03:42','2010-12-24 14:28:17'),(92,'ab','1992-07-04 04:10:59','1971-10-15 01:36:02'),(93,'facere','2013-10-14 00:20:18','2011-05-15 04:25:39'),(94,'incidunt','2002-01-09 11:44:00','1978-10-16 10:34:25'),(95,'dolor','2008-04-11 12:57:11','1972-06-05 17:52:45'),(96,'illo','1986-12-10 09:53:12','2006-09-02 05:17:14'),(97,'optio','1979-04-17 23:52:27','1996-05-05 05:41:47'),(98,'provident','1989-07-19 16:10:05','2006-12-24 18:51:58'),(99,'debitis','1978-08-21 11:50:48','2010-08-04 05:42:15'),(100,'beatae','1986-01-07 19:36:53','1996-01-13 06:05:16');
/*!40000 ALTER TABLE `communities` ENABLE KEYS */;
UNLOCK TABLES;

--
-- Table structure for table `communities_users`
--

DROP TABLE IF EXISTS `communities_users`;
/*!40101 SET @saved_cs_client     = @@character_set_client */;
/*!50503 SET character_set_client = utf8mb4 */;
CREATE TABLE `communities_users` (
  `community_id` int unsigned NOT NULL COMMENT 'Ссылка на группу',
  `user_id` int unsigned NOT NULL COMMENT 'Ссылка на пользователя',
  `created_at` datetime DEFAULT CURRENT_TIMESTAMP COMMENT 'Время создания строки',
  PRIMARY KEY (`community_id`,`user_id`) COMMENT 'Составной первичный ключ'
) ENGINE=InnoDB DEFAULT CHARSET=utf8mb4 COLLATE=utf8mb4_unicode_ci COMMENT='Участники групп, связь между пользователями и группами';
/*!40101 SET character_set_client = @saved_cs_client */;

--
-- Dumping data for table `communities_users`
--

LOCK TABLES `communities_users` WRITE;
/*!40000 ALTER TABLE `communities_users` DISABLE KEYS */;
INSERT INTO `communities_users` VALUES (1,1,'1999-01-12 03:27:40'),(2,2,'1979-07-06 14:16:02'),(3,3,'1985-03-30 21:21:30'),(4,4,'1988-12-17 03:05:37'),(5,5,'2000-04-17 03:32:08'),(6,6,'1979-09-23 17:29:10'),(7,7,'1975-08-09 00:24:15'),(8,8,'1979-07-27 17:59:47'),(9,9,'2002-04-01 15:27:13'),(10,10,'1991-04-20 08:15:06'),(11,11,'1972-03-06 15:13:03'),(12,12,'1978-11-13 15:13:20'),(13,13,'1985-05-19 21:59:01'),(14,14,'1995-06-23 06:02:55'),(15,15,'1979-02-20 00:43:48'),(16,16,'2016-09-05 15:48:58'),(17,17,'1983-02-24 15:07:58'),(18,18,'1980-10-12 20:43:23'),(19,19,'2016-09-16 15:28:28'),(20,20,'1979-09-25 11:34:25'),(21,21,'2007-06-09 19:09:24'),(22,22,'1989-07-20 13:24:20'),(23,23,'1991-08-28 15:56:27'),(24,24,'1975-12-06 06:57:58'),(25,25,'2011-10-05 13:35:16'),(26,26,'2006-07-29 14:14:44'),(27,27,'1975-09-08 20:34:14'),(28,28,'1982-01-11 08:37:59'),(29,29,'1993-07-10 00:07:56'),(30,30,'2017-12-23 00:28:43'),(31,31,'2020-09-20 04:02:26'),(32,32,'1994-06-29 10:26:13'),(33,33,'1988-09-02 23:35:44'),(34,34,'1978-06-15 05:26:19'),(35,35,'1993-05-13 05:35:52'),(36,36,'1974-09-17 18:22:45'),(37,37,'1986-05-03 18:33:05'),(38,38,'1982-10-17 16:11:26'),(39,39,'2018-03-20 04:54:24'),(40,40,'2005-01-28 10:39:50'),(41,41,'1980-05-09 12:51:40'),(42,42,'2008-09-18 01:05:53'),(43,43,'1983-12-12 17:50:36'),(44,44,'2011-09-14 14:58:59'),(45,45,'2002-02-10 03:05:25'),(46,46,'1997-11-06 15:25:37'),(47,47,'2015-10-02 23:34:28'),(48,48,'2001-12-20 11:49:23'),(49,49,'2019-11-10 01:49:09'),(50,50,'2019-03-27 06:30:59'),(51,51,'1974-10-20 22:57:55'),(52,52,'2006-08-31 21:44:17'),(53,53,'2018-08-29 05:07:52'),(54,54,'1991-06-21 14:50:13'),(55,55,'1987-05-21 09:11:34'),(56,56,'2003-01-21 01:17:54'),(57,57,'1985-10-05 12:58:44'),(58,58,'2006-04-11 15:57:33'),(59,59,'1995-10-24 23:28:40'),(60,60,'2005-04-14 05:45:27'),(61,61,'2006-06-29 09:06:06'),(62,62,'1972-09-01 18:43:01'),(63,63,'2002-07-14 15:46:13'),(64,64,'1984-10-11 02:24:58'),(65,65,'2014-03-08 13:34:10'),(66,66,'1992-10-24 06:26:50'),(67,67,'1995-07-11 14:29:00'),(68,68,'1996-12-07 14:11:04'),(69,69,'2003-12-31 06:56:10'),(70,70,'1997-07-08 13:29:06'),(71,71,'1999-08-22 15:09:46'),(72,72,'2018-02-10 09:33:37'),(73,73,'1993-08-20 14:53:16'),(74,74,'1984-04-07 10:08:09'),(75,75,'1999-12-28 16:59:02'),(76,76,'2016-06-06 08:17:38'),(77,77,'1974-01-28 17:49:20'),(78,78,'1977-07-04 23:18:31'),(79,79,'1984-07-27 17:29:32'),(80,80,'1980-11-24 11:42:38'),(81,81,'2020-07-17 07:52:04'),(82,82,'1996-01-10 20:31:50'),(83,83,'1982-04-26 00:24:00'),(84,84,'1999-04-03 17:27:17'),(85,85,'2012-09-06 00:06:21'),(86,86,'1999-06-21 16:26:32'),(87,87,'2003-10-10 00:38:22'),(88,88,'2003-12-05 15:05:12'),(89,89,'2016-06-06 15:11:29'),(90,90,'1985-09-13 08:29:35'),(91,91,'2009-05-17 16:51:48'),(92,92,'1973-02-02 10:22:43'),(93,93,'2005-02-08 16:10:18'),(94,94,'2018-04-29 08:15:45'),(95,95,'1976-03-12 08:40:21'),(96,96,'2003-08-29 05:04:17'),(97,97,'1999-10-12 22:59:50'),(98,98,'2015-07-11 17:18:25'),(99,99,'1993-06-28 12:30:20'),(100,100,'1983-05-31 04:27:08');
/*!40000 ALTER TABLE `communities_users` ENABLE KEYS */;
UNLOCK TABLES;

--
-- Table structure for table `friendship`
--

DROP TABLE IF EXISTS `friendship`;
/*!40101 SET @saved_cs_client     = @@character_set_client */;
/*!50503 SET character_set_client = utf8mb4 */;
CREATE TABLE `friendship` (
  `user_id` int unsigned NOT NULL COMMENT 'Ссылка на инициатора дружеских отношений',
  `friend_id` int unsigned NOT NULL COMMENT 'Ссылка на получателя приглашения дружить',
  `status_id` int unsigned NOT NULL COMMENT 'Ссылка на статус (текущее состояние) отношений',
  `requested_at` datetime DEFAULT CURRENT_TIMESTAMP COMMENT 'Время отправления приглашения дружить',
  `confirmed_at` datetime DEFAULT NULL COMMENT 'Время подтверждения приглашения',
  `created_at` datetime DEFAULT CURRENT_TIMESTAMP COMMENT 'Время создания строки',
  `updated_at` datetime DEFAULT CURRENT_TIMESTAMP ON UPDATE CURRENT_TIMESTAMP COMMENT 'Время обновления строки',
  PRIMARY KEY (`user_id`,`friend_id`) COMMENT 'Составной первичный ключ'
) ENGINE=InnoDB DEFAULT CHARSET=utf8mb4 COLLATE=utf8mb4_unicode_ci COMMENT='Таблица дружбы';
/*!40101 SET character_set_client = @saved_cs_client */;

--
-- Dumping data for table `friendship`
--

LOCK TABLES `friendship` WRITE;
/*!40000 ALTER TABLE `friendship` DISABLE KEYS */;
INSERT INTO `friendship` VALUES (1,1,1,'1999-07-13 23:02:42','1979-01-27 09:13:41','1977-05-19 17:07:52','1999-09-30 19:52:22'),(2,2,2,'2018-05-25 14:34:56','1995-09-20 06:54:38','1984-07-04 06:16:43','2003-04-28 19:14:46'),(3,3,3,'2012-10-27 11:06:36','1994-02-16 18:52:37','2006-10-13 20:57:09','1984-06-06 21:20:46'),(4,4,4,'2015-05-04 12:16:30','1983-03-24 08:01:24','2010-01-04 05:08:25','2019-01-09 22:04:03'),(5,5,5,'1988-03-14 23:39:40','1976-09-17 00:05:02','1978-07-17 23:29:58','2000-06-15 04:58:45'),(6,6,6,'2017-04-13 01:03:44','1977-05-29 03:27:07','1996-09-29 17:39:46','2006-05-03 17:58:19'),(7,7,7,'2001-02-17 13:01:43','2003-12-18 06:28:09','2008-01-10 15:09:23','1979-01-13 03:07:33'),(8,8,8,'2016-01-23 21:53:37','1970-08-14 19:26:15','2002-07-15 23:06:00','2013-11-10 21:57:14'),(9,9,9,'2018-06-16 22:08:35','2009-10-15 21:08:14','2002-03-01 07:01:27','2018-05-01 08:28:38'),(10,10,10,'2002-08-12 23:51:27','1982-01-06 21:33:40','2001-11-03 05:59:09','1970-11-19 19:14:36'),(11,11,11,'1993-12-30 23:58:13','1995-11-12 16:25:26','1999-12-09 10:50:40','1975-04-03 08:40:22'),(12,12,12,'1970-04-27 06:24:06','1977-11-06 04:24:16','2008-02-14 09:36:21','1996-06-15 14:12:56'),(13,13,13,'1980-09-08 00:39:33','2014-04-30 14:47:01','2011-04-02 11:17:33','1989-02-09 13:12:13'),(14,14,14,'1999-05-22 15:48:18','1987-12-18 01:55:34','1979-05-17 22:56:11','1982-08-12 13:52:06'),(15,15,15,'2001-11-18 10:13:21','1988-07-21 06:18:14','1972-01-29 07:04:46','2004-12-02 10:53:27'),(16,16,16,'1991-08-21 11:44:01','1987-04-21 09:52:11','1986-05-28 04:49:05','1994-09-28 10:59:05'),(17,17,17,'2002-12-06 19:21:10','2000-07-04 17:42:13','2005-03-15 16:59:46','2006-03-19 11:36:29'),(18,18,18,'2011-09-27 15:21:22','2013-05-24 03:48:14','1992-04-02 10:15:05','2000-01-03 05:11:02'),(19,19,19,'1993-07-21 23:11:08','1973-08-31 00:10:43','2000-10-11 21:22:22','1991-11-03 21:54:18'),(20,20,20,'1977-09-01 06:28:38','1998-04-12 07:10:42','1984-11-29 15:22:36','1995-04-27 11:00:56'),(21,21,21,'1994-03-17 23:33:56','1980-07-14 23:57:57','1978-12-07 07:43:03','1985-08-20 00:27:27'),(22,22,22,'1978-08-13 23:24:34','1997-01-24 12:35:54','1996-10-20 15:07:07','1989-06-03 02:05:45'),(23,23,23,'1979-12-26 01:50:51','2012-08-12 20:07:51','1988-05-26 13:31:34','1977-01-08 01:16:28'),(24,24,24,'1987-10-29 17:05:52','2002-10-17 08:19:57','1974-11-16 02:01:49','1987-11-03 08:17:42'),(25,25,25,'2011-03-17 19:19:12','1996-05-21 17:38:53','2008-01-04 21:23:47','2000-07-14 16:56:42'),(26,26,26,'1982-05-07 17:40:59','2015-04-04 15:58:47','2006-11-26 11:59:33','1979-05-25 08:28:18'),(27,27,27,'1970-03-29 00:29:16','1976-01-17 23:05:51','2019-04-23 22:15:36','2001-08-16 18:04:46'),(28,28,28,'1972-10-15 21:10:36','2008-01-28 08:16:07','1980-06-02 09:57:12','1970-07-22 22:47:42'),(29,29,29,'1973-10-08 23:45:34','1991-02-23 18:04:41','2006-07-11 16:27:32','2017-08-16 02:32:33'),(30,30,30,'1988-01-27 17:13:22','2018-10-28 18:25:16','1981-02-03 19:20:20','2003-06-04 09:06:37'),(31,31,31,'2005-10-18 22:19:26','2015-12-23 18:07:07','1970-01-26 23:39:36','1983-06-25 13:18:47'),(32,32,32,'1998-02-03 08:19:47','1990-02-09 05:22:11','2012-04-09 01:32:23','1997-07-10 20:33:08'),(33,33,33,'2017-07-27 04:29:00','2014-11-19 13:44:21','1974-02-08 08:50:15','2018-01-27 06:53:25'),(34,34,34,'2005-05-10 13:10:33','2003-05-29 10:32:01','2009-04-07 18:40:14','1980-08-15 19:41:14'),(35,35,35,'2017-09-26 08:52:03','1994-06-15 06:30:25','1992-08-01 06:03:53','1975-10-23 22:03:28'),(36,36,36,'1978-03-10 07:14:34','1992-12-07 15:12:44','1994-02-12 23:18:24','2003-09-29 18:24:23'),(37,37,37,'2009-08-07 05:16:33','1976-04-16 21:23:48','1989-10-05 08:17:08','1992-10-08 16:48:40'),(38,38,38,'2016-02-02 03:17:24','1972-10-27 11:29:05','2014-03-11 07:42:44','1997-10-13 05:46:48'),(39,39,39,'2014-09-23 01:50:05','2016-12-30 19:16:57','1978-04-18 21:44:02','1988-03-12 15:48:58'),(40,40,40,'1974-06-28 11:16:45','1970-01-01 15:45:51','1994-04-08 18:29:03','1988-01-16 04:53:20'),(41,41,41,'1982-04-09 19:20:54','1990-06-12 17:33:01','1975-04-03 11:42:59','2019-09-02 22:39:04'),(42,42,42,'2012-07-16 13:41:33','1979-04-11 22:26:26','2020-11-17 02:13:38','2006-11-22 03:14:23'),(43,43,43,'1985-02-10 18:35:02','2007-01-16 06:57:48','2005-04-14 07:36:19','2006-12-02 09:12:10'),(44,44,44,'1992-02-17 18:15:22','2008-01-20 16:07:00','2018-05-18 05:14:49','2004-10-23 05:35:35'),(45,45,45,'2013-11-03 00:10:49','1974-07-16 23:22:20','1998-10-12 03:45:25','1985-12-18 21:22:52'),(46,46,46,'1978-02-07 19:58:50','1997-02-17 19:47:58','1994-07-31 00:21:56','2014-01-06 01:29:53'),(47,47,47,'1974-06-22 10:56:10','1992-12-24 02:12:40','2002-01-15 07:23:04','1978-06-22 22:26:15'),(48,48,48,'1994-07-19 15:53:04','1994-03-19 15:02:30','1978-05-11 16:54:12','1991-05-14 20:38:46'),(49,49,49,'1972-07-06 15:32:11','1979-07-07 00:34:48','2001-03-07 21:06:02','2004-04-10 00:29:43'),(50,50,50,'1980-11-28 09:12:40','1997-03-03 10:14:35','1986-12-23 04:54:49','2009-03-13 04:45:35'),(51,51,51,'1994-07-18 18:14:24','2013-12-01 10:02:12','2014-03-05 13:31:19','1975-03-22 23:15:04'),(52,52,52,'1991-04-04 00:14:17','1977-06-07 10:22:42','2012-06-24 02:03:15','1979-09-02 14:06:13'),(53,53,53,'1975-02-16 10:36:08','1991-10-27 06:28:45','1989-08-20 18:54:04','2012-06-25 01:13:36'),(54,54,54,'2001-07-26 10:47:58','2005-09-26 11:14:34','1975-07-02 03:06:07','1981-01-16 16:22:33'),(55,55,55,'1976-08-10 05:30:12','2019-09-12 12:07:48','1996-07-31 04:02:45','1973-11-02 06:53:55'),(56,56,56,'1970-12-18 13:12:29','2004-01-14 15:28:44','2006-05-21 08:08:41','1992-05-07 14:40:16'),(57,57,57,'1976-12-13 06:57:40','1997-03-03 15:51:09','2007-11-18 06:24:25','1986-07-17 13:42:27'),(58,58,58,'1980-06-27 01:02:58','2010-02-27 06:18:36','1972-08-17 06:22:58','2019-05-08 03:30:09'),(59,59,59,'2018-10-26 01:41:38','2003-09-18 12:29:26','2007-05-08 03:32:19','1971-07-18 11:45:07'),(60,60,60,'1998-12-20 12:01:17','2020-06-22 07:30:34','1980-01-07 08:20:08','1979-05-19 19:59:13'),(61,61,61,'2010-05-07 00:03:48','2013-09-19 15:45:00','2010-03-13 20:24:06','1975-02-10 10:20:40'),(62,62,62,'2017-06-17 10:20:03','1979-06-07 15:42:37','1983-12-24 15:39:09','1983-11-30 19:32:40'),(63,63,63,'1984-05-18 16:04:28','1998-05-01 10:36:04','1982-03-20 08:25:22','2005-08-02 21:05:15'),(64,64,64,'1986-09-09 00:44:54','1991-08-01 11:51:34','2008-07-20 19:35:18','2019-10-28 09:16:49'),(65,65,65,'1970-06-29 21:23:02','2008-05-23 20:53:33','2013-11-28 06:24:14','2010-06-04 12:33:35'),(66,66,66,'1985-09-13 07:33:05','2003-02-26 05:00:12','1997-01-21 22:37:09','2008-07-27 10:47:34'),(67,67,67,'2019-05-07 15:13:00','2016-07-22 06:19:57','2006-03-11 20:16:20','1990-06-09 07:19:00'),(68,68,68,'1984-04-23 02:38:10','1980-11-10 12:23:52','1979-08-24 09:17:53','1988-05-11 22:43:05'),(69,69,69,'1984-10-11 15:02:55','1970-03-26 20:22:00','2009-11-11 10:13:18','1983-11-24 01:05:49'),(70,70,70,'2019-09-08 01:51:57','2013-10-05 08:53:28','1971-06-24 18:01:32','1992-04-22 13:27:18'),(71,71,71,'2020-08-11 16:01:34','2018-06-30 04:47:44','1994-05-04 05:00:53','2016-06-07 05:03:34'),(72,72,72,'1991-09-02 01:50:02','2019-02-27 04:36:29','2013-10-14 14:10:29','2006-10-04 12:43:00'),(73,73,73,'1974-04-20 21:36:10','1974-08-25 08:35:02','1981-07-03 17:25:21','2008-03-19 07:42:15'),(74,74,74,'2007-09-14 23:51:21','2011-06-23 15:33:56','2000-12-05 04:58:41','2010-06-28 06:06:12'),(75,75,75,'1991-07-13 11:16:13','1998-10-05 17:45:59','1996-12-21 01:52:36','1978-06-18 13:55:15'),(76,76,76,'1971-05-04 10:06:21','2020-12-31 05:41:07','1987-08-09 07:20:21','1991-01-09 12:43:09'),(77,77,77,'2002-09-10 22:12:42','1970-06-03 10:21:00','1999-07-25 20:59:58','2001-05-31 09:40:53'),(78,78,78,'1975-10-26 06:27:38','2007-11-30 19:51:59','1979-12-06 18:55:13','1984-04-26 10:52:43'),(79,79,79,'1991-02-21 13:45:36','2001-02-15 12:06:40','1971-05-03 02:32:02','1984-10-26 16:40:40'),(80,80,80,'2003-02-26 02:45:32','1983-09-29 14:21:59','1999-02-24 10:11:59','2005-05-12 10:19:44'),(81,81,81,'2015-04-19 11:06:44','2003-06-22 11:52:40','1983-08-12 11:05:58','1982-01-28 15:12:02'),(82,82,82,'2014-03-14 05:34:45','2008-05-07 18:50:43','1976-05-21 12:42:18','1989-03-19 11:59:17'),(83,83,83,'2017-07-20 16:19:41','2020-03-31 08:38:24','1973-05-16 20:32:36','1972-02-15 11:37:30'),(84,84,84,'2020-06-28 06:57:55','1970-09-04 17:27:05','2004-09-06 04:29:31','2000-10-31 05:37:36'),(85,85,85,'1979-03-16 20:59:15','1972-12-19 19:31:29','2012-10-24 02:03:14','1970-01-08 15:44:32'),(86,86,86,'2011-02-05 10:35:49','2015-07-03 05:05:56','2021-01-30 11:34:04','1979-08-01 00:10:02'),(87,87,87,'2006-07-13 18:12:28','1979-11-15 22:14:20','1970-01-30 01:55:17','2015-09-26 08:59:00'),(88,88,88,'2013-03-27 23:50:44','1985-06-25 00:56:14','2009-06-23 00:49:09','1978-12-03 14:05:40'),(89,89,89,'2007-08-14 00:18:15','2019-02-27 05:44:20','2015-04-05 13:21:42','1990-08-01 17:48:00'),(90,90,90,'1989-10-12 07:21:28','1982-01-10 14:26:49','1980-04-08 12:45:31','2010-01-03 05:23:35'),(91,91,91,'2004-12-14 11:14:07','1974-05-12 04:53:56','1977-06-10 00:46:37','1999-03-23 17:27:13'),(92,92,92,'1973-01-05 08:22:41','2004-10-20 01:33:44','2001-07-12 16:11:39','1997-05-20 00:45:10'),(93,93,93,'1978-11-19 14:23:39','2007-06-14 19:12:14','2000-05-27 14:07:20','2002-10-04 11:28:34'),(94,94,94,'2006-02-24 09:35:52','1995-04-25 23:44:10','1976-06-17 14:00:27','1993-07-08 15:58:24'),(95,95,95,'2011-05-22 01:58:42','1984-02-28 23:06:49','2007-01-22 05:53:29','2009-11-11 06:18:23'),(96,96,96,'2004-11-12 05:55:22','2000-11-03 14:56:53','2009-06-20 13:34:21','1975-11-29 06:22:23'),(97,97,97,'2011-08-09 22:03:03','1978-07-25 08:21:11','1980-08-15 17:05:04','1986-12-25 22:55:56'),(98,98,98,'1990-03-17 00:05:00','1973-10-22 20:25:42','1984-07-07 23:30:40','1977-08-13 16:52:19'),(99,99,99,'1992-07-04 10:42:07','2020-06-18 15:34:13','1990-05-17 13:20:44','1989-04-29 17:05:14'),(100,100,100,'1985-07-08 07:39:01','1989-09-06 10:30:23','1971-11-22 05:07:29','1972-04-06 03:35:59');
/*!40000 ALTER TABLE `friendship` ENABLE KEYS */;
UNLOCK TABLES;

--
-- Table structure for table `friendship_statuses`
--

DROP TABLE IF EXISTS `friendship_statuses`;
/*!40101 SET @saved_cs_client     = @@character_set_client */;
/*!50503 SET character_set_client = utf8mb4 */;
CREATE TABLE `friendship_statuses` (
  `id` int unsigned NOT NULL AUTO_INCREMENT COMMENT 'Идентификатор строки',
  `name` varchar(150) CHARACTER SET utf8mb4 COLLATE utf8mb4_unicode_ci NOT NULL COMMENT 'Название статуса',
  `created_at` datetime DEFAULT CURRENT_TIMESTAMP COMMENT 'Время создания строки',
  `updated_at` datetime DEFAULT CURRENT_TIMESTAMP ON UPDATE CURRENT_TIMESTAMP COMMENT 'Время обновления строки',
  PRIMARY KEY (`id`),
  UNIQUE KEY `name` (`name`)
) ENGINE=InnoDB AUTO_INCREMENT=101 DEFAULT CHARSET=utf8mb4 COLLATE=utf8mb4_unicode_ci COMMENT='Статусы дружбы';
/*!40101 SET character_set_client = @saved_cs_client */;

--
-- Dumping data for table `friendship_statuses`
--

LOCK TABLES `friendship_statuses` WRITE;
/*!40000 ALTER TABLE `friendship_statuses` DISABLE KEYS */;
INSERT INTO `friendship_statuses` VALUES (1,'non','1985-04-08 13:23:35','2008-07-25 13:06:45'),(2,'facere','1994-03-13 09:49:37','1980-02-06 14:14:29'),(3,'ut','1977-04-15 08:23:47','2014-06-01 20:36:56'),(4,'placeat','1973-10-04 13:31:33','1989-12-02 05:07:48'),(5,'quis','2010-03-02 03:13:38','2019-12-02 22:40:40'),(6,'quia','2014-04-10 06:53:42','1970-10-07 12:58:50'),(7,'nisi','2017-11-05 20:31:40','2002-05-02 01:49:48'),(8,'minima','2014-04-08 07:27:08','1981-09-02 01:09:55'),(9,'sed','1977-07-19 00:54:18','2001-04-25 01:47:17'),(10,'quo','2016-07-10 00:35:35','1980-04-02 16:43:23'),(11,'voluptas','1999-06-01 23:46:12','1978-03-02 13:22:27'),(12,'temporibus','1998-09-14 04:58:38','2011-11-04 12:45:06'),(13,'praesentium','1998-03-05 03:27:33','2007-02-24 07:01:40'),(14,'velit','1977-12-11 11:09:04','2000-08-30 09:06:07'),(15,'qui','2010-07-11 05:59:03','1983-10-29 17:23:15'),(16,'harum','1983-07-21 15:50:05','1976-07-09 03:06:18'),(17,'quisquam','1975-11-13 03:53:49','2008-07-06 20:22:48'),(18,'voluptatem','1971-09-29 18:41:08','1997-02-20 21:40:40'),(19,'enim','1989-08-16 12:34:36','1974-09-03 06:19:14'),(20,'incidunt','1973-04-06 14:38:31','1986-03-13 06:48:22'),(21,'fugit','2015-09-09 05:10:24','1984-03-03 09:54:18'),(22,'et','1981-07-11 01:52:40','1985-02-09 16:58:08'),(23,'facilis','1980-06-26 16:24:45','2019-05-01 18:29:19'),(24,'maxime','1999-06-28 01:42:59','1986-10-28 04:31:58'),(25,'omnis','1978-01-26 01:18:10','2013-01-29 12:38:20'),(26,'pariatur','1972-08-15 09:43:07','1999-11-09 07:01:11'),(27,'in','1992-01-25 23:00:04','2003-07-08 13:57:35'),(28,'doloribus','2016-07-24 00:33:09','1998-02-16 09:55:46'),(29,'laboriosam','2020-06-02 05:03:14','1972-06-29 16:00:33'),(30,'quas','1990-04-05 09:02:09','2020-04-17 04:13:33'),(31,'blanditiis','1994-11-17 14:10:33','2017-02-02 15:30:46'),(32,'nihil','2014-02-27 17:07:19','2004-03-04 23:32:53'),(33,'ex','2008-09-06 22:50:09','1990-06-01 12:08:35'),(34,'quibusdam','1994-10-26 08:29:07','1972-08-14 22:51:38'),(35,'inventore','1993-11-18 00:22:49','1975-11-09 13:06:45'),(36,'minus','1972-09-07 07:37:48','2001-05-05 04:38:48'),(37,'itaque','2006-12-19 10:16:29','1989-12-06 09:38:08'),(38,'explicabo','1986-02-06 02:25:07','2009-08-09 23:38:31'),(39,'officia','2003-10-08 10:27:13','1981-08-06 04:33:36'),(40,'beatae','2011-08-14 01:01:20','2009-07-01 09:27:08'),(41,'sit','2002-02-11 08:42:33','2019-05-30 22:51:33'),(42,'est','1987-08-05 02:20:46','2011-05-13 13:54:32'),(43,'corporis','2002-05-26 12:11:24','1980-12-29 01:46:06'),(44,'ullam','2002-01-31 10:44:18','1984-12-29 06:23:04'),(45,'debitis','1982-11-24 00:58:36','2018-03-06 18:43:02'),(46,'architecto','1991-05-09 03:24:07','1981-12-23 18:10:02'),(47,'consequatur','1982-02-24 01:27:48','2004-07-20 01:11:05'),(48,'ratione','1983-02-24 16:42:46','2012-09-19 18:44:01'),(49,'eius','1977-01-11 17:56:16','1974-02-20 06:33:42'),(50,'impedit','1998-04-25 22:32:59','1998-02-06 09:08:27'),(51,'labore','1971-04-30 00:04:21','1999-07-16 23:15:47'),(52,'quaerat','1974-01-16 03:03:06','1974-07-23 13:14:15'),(53,'unde','2021-01-16 12:01:19','1971-05-05 22:31:19'),(54,'iure','2014-11-16 05:02:49','1995-09-09 17:46:34'),(55,'a','1975-10-28 21:40:00','1981-04-16 04:51:23'),(56,'consectetur','2012-11-09 03:29:15','1976-05-25 19:05:53'),(57,'repudiandae','1976-07-08 10:01:53','2001-01-09 09:40:20'),(58,'dolore','2017-10-06 17:36:35','1977-04-23 05:16:36'),(59,'consequuntur','1987-01-31 11:05:29','1979-02-19 00:49:34'),(60,'dolores','2014-06-10 23:04:03','1991-12-29 13:07:33'),(61,'nulla','2008-03-03 22:34:32','1977-03-14 13:56:04'),(62,'sequi','1971-10-26 21:31:34','1994-09-22 22:00:05'),(63,'cupiditate','1999-10-09 16:31:28','2004-06-27 13:47:15'),(64,'rem','2009-06-15 22:50:04','1985-03-07 21:13:12'),(65,'cumque','2011-12-29 22:48:09','1986-07-13 23:15:05'),(66,'dolorum','2005-02-03 04:54:17','2001-02-23 11:44:17'),(67,'neque','1973-07-03 13:22:29','1972-03-22 15:05:34'),(68,'repellendus','1995-07-31 05:15:05','1992-02-27 04:19:40'),(69,'eos','1982-06-12 22:42:26','1981-12-24 23:36:18'),(70,'possimus','2008-11-02 05:21:04','1978-05-10 04:04:18'),(71,'fugiat','1985-02-17 14:07:58','2010-08-08 20:59:57'),(72,'occaecati','2017-10-02 08:42:55','1977-01-18 21:06:39'),(73,'laborum','2005-03-09 00:30:26','1970-05-18 02:50:53'),(74,'quidem','1984-09-27 07:46:16','1973-03-30 18:05:07'),(75,'molestiae','2000-01-09 07:26:49','2011-06-18 11:15:48'),(76,'asperiores','2013-03-03 11:10:09','1986-05-25 05:29:03'),(77,'aspernatur','2001-05-07 02:55:35','2002-03-09 05:48:49'),(78,'molestias','1977-10-26 14:33:55','1974-06-21 00:42:02'),(79,'accusamus','2012-06-14 13:22:18','2021-02-04 09:14:31'),(80,'eligendi','2017-06-13 16:39:57','1971-08-16 09:41:00'),(81,'officiis','2007-11-22 11:22:45','1976-03-03 20:32:47'),(82,'delectus','1972-03-25 11:41:53','2005-06-18 00:42:32'),(83,'ipsam','1985-12-30 00:50:36','2005-01-29 23:28:50'),(84,'magni','1985-06-24 05:30:43','2000-09-24 16:43:55'),(85,'atque','2000-07-26 09:16:08','1995-11-22 08:54:48'),(86,'expedita','1986-03-06 05:53:55','1996-12-16 19:09:02'),(87,'quod','2012-04-05 14:08:11','1979-01-08 05:01:25'),(88,'nemo','1998-02-28 17:08:06','2011-06-10 15:22:30'),(89,'odit','1993-10-25 07:29:45','2011-11-05 18:56:16'),(90,'rerum','1997-03-02 21:44:44','2009-02-09 05:15:46'),(91,'perferendis','2003-08-11 10:45:39','1977-06-29 00:29:11'),(92,'ea','1975-02-10 01:14:00','1982-10-06 03:04:08'),(93,'numquam','2011-02-14 06:23:39','1979-04-04 07:40:50'),(94,'tenetur','1985-03-13 13:31:57','1982-10-26 07:02:46'),(95,'fuga','1975-11-03 11:38:16','2005-11-27 11:16:57'),(96,'doloremque','1993-04-20 00:49:58','2005-02-19 18:58:10'),(97,'sint','1982-12-22 18:26:07','2003-09-22 10:07:11'),(98,'aut','1986-11-03 09:22:09','2001-09-14 13:35:26'),(99,'ad','1971-11-02 17:51:43','1971-06-14 05:02:56'),(100,'ducimus','1976-02-14 01:21:22','1984-03-27 10:13:04');
/*!40000 ALTER TABLE `friendship_statuses` ENABLE KEYS */;
UNLOCK TABLES;

--
-- Table structure for table `media`
--

DROP TABLE IF EXISTS `media`;
/*!40101 SET @saved_cs_client     = @@character_set_client */;
/*!50503 SET character_set_client = utf8mb4 */;
CREATE TABLE `media` (
  `id` int unsigned NOT NULL AUTO_INCREMENT COMMENT 'Идентификатор строки',
  `user_id` int unsigned NOT NULL COMMENT 'Ссылка на пользователя, который загрузил файл',
  `filename` varchar(255) CHARACTER SET utf8mb4 COLLATE utf8mb4_unicode_ci NOT NULL COMMENT 'Путь к файлу',
  `size` int NOT NULL COMMENT 'Размер файла',
  `metadata` longtext CHARACTER SET utf8mb4 COLLATE utf8mb4_bin COMMENT 'Метаданные файла',
  `media_type_id` int unsigned NOT NULL COMMENT 'Ссылка на тип контента',
  `created_at` datetime DEFAULT CURRENT_TIMESTAMP COMMENT 'Время создания строки',
  `updated_at` datetime DEFAULT CURRENT_TIMESTAMP ON UPDATE CURRENT_TIMESTAMP COMMENT 'Время обновления строки',
  PRIMARY KEY (`id`),
  CONSTRAINT `media_chk_1` CHECK (json_valid(`metadata`))
) ENGINE=InnoDB AUTO_INCREMENT=101 DEFAULT CHARSET=utf8mb4 COLLATE=utf8mb4_unicode_ci COMMENT='Медиафайлы';
/*!40101 SET character_set_client = @saved_cs_client */;

--
-- Dumping data for table `media`
--

LOCK TABLES `media` WRITE;
/*!40000 ALTER TABLE `media` DISABLE KEYS */;
INSERT INTO `media` VALUES (1,1,'adipisci',54419170,NULL,1,'1979-03-23 19:36:36','2018-05-24 18:48:03'),(2,2,'quidem',9455345,NULL,2,'1976-11-27 05:51:51','1985-04-12 11:23:55'),(3,3,'consequatur',33765,NULL,3,'1998-09-21 12:25:31','1989-09-19 15:56:36'),(4,4,'et',0,NULL,4,'2019-09-10 22:30:10','1992-07-27 14:47:04'),(5,5,'dolores',76733789,NULL,5,'1979-01-04 14:12:26','1989-11-16 05:07:09'),(6,6,'enim',78580848,NULL,6,'2015-09-21 20:20:27','2011-07-29 16:43:33'),(7,7,'nulla',782939,NULL,7,'1985-02-07 05:39:00','1979-06-05 19:33:48'),(8,8,'alias',8,NULL,8,'1998-04-28 04:47:10','2020-03-17 09:01:52'),(9,9,'ratione',5596749,NULL,9,'1977-09-24 21:24:08','1994-06-25 22:05:09'),(10,10,'et',638536,NULL,10,'1980-08-27 10:18:36','1986-05-07 17:23:23'),(11,11,'quia',11,NULL,11,'2010-11-23 07:38:03','1979-01-08 23:56:39'),(12,12,'aspernatur',741627754,NULL,12,'2006-06-21 05:03:30','2000-12-19 08:41:55'),(13,13,'eum',967,NULL,13,'2012-12-05 16:25:42','2010-02-11 02:51:18'),(14,14,'consequuntur',9055770,NULL,14,'1984-01-22 06:32:51','2016-03-20 04:18:14'),(15,15,'vel',6120271,NULL,15,'1983-04-11 06:28:52','1982-06-13 19:45:06'),(16,16,'at',833109351,NULL,16,'2015-04-14 02:33:50','1990-07-30 05:37:53'),(17,17,'tempore',0,NULL,17,'2003-10-14 03:13:18','1994-04-22 01:20:27'),(18,18,'eum',55969,NULL,18,'2016-05-03 01:15:03','1981-04-20 15:24:32'),(19,19,'voluptatibus',6647356,NULL,19,'1989-06-29 11:22:26','1978-05-31 10:34:22'),(20,20,'odit',20854,NULL,20,'1991-04-20 17:52:47','1990-03-21 08:23:14'),(21,21,'harum',36188,NULL,21,'1997-03-29 04:28:55','1978-11-16 21:42:02'),(22,22,'debitis',0,NULL,22,'1981-04-14 15:10:52','2006-02-09 04:33:27'),(23,23,'quas',533266,NULL,23,'2012-10-29 03:21:37','1995-06-13 04:09:56'),(24,24,'expedita',480297,NULL,24,'1979-12-22 22:34:46','1971-01-04 23:40:59'),(25,25,'vel',0,NULL,25,'2006-12-21 10:21:00','2006-04-14 04:50:03'),(26,26,'accusamus',24,NULL,26,'1974-03-14 05:45:37','1991-06-14 05:42:08'),(27,27,'reprehenderit',90707,NULL,27,'1983-12-16 04:14:01','2016-07-31 18:05:10'),(28,28,'praesentium',4363,NULL,28,'1999-12-07 09:18:27','1990-07-30 13:16:16'),(29,29,'ducimus',639062,NULL,29,'1999-03-05 18:01:46','1997-11-25 14:33:15'),(30,30,'eaque',954179,NULL,30,'1988-06-23 12:30:47','1994-03-02 20:36:59'),(31,31,'recusandae',357,NULL,31,'1984-09-05 05:27:36','2009-09-07 21:27:14'),(32,32,'doloremque',620815630,NULL,32,'2016-10-12 22:20:30','2003-08-25 18:36:45'),(33,33,'cumque',27680055,NULL,33,'2000-02-18 18:59:32','1989-04-09 21:58:27'),(34,34,'impedit',60625,NULL,34,'1970-10-27 06:10:42','2015-03-14 22:58:48'),(35,35,'id',54539198,NULL,35,'1995-07-13 02:36:29','1971-05-24 18:36:49'),(36,36,'asperiores',0,NULL,36,'1995-04-13 13:32:47','1984-08-21 06:25:45'),(37,37,'quo',40,NULL,37,'2014-02-17 17:24:09','1979-12-11 01:13:20'),(38,38,'eveniet',49834,NULL,38,'2014-10-03 00:58:06','1977-07-16 13:38:37'),(39,39,'et',5088792,NULL,39,'2000-09-16 18:37:39','1980-02-16 13:30:51'),(40,40,'quas',3753,NULL,40,'1977-03-04 11:18:32','2014-12-20 00:30:57'),(41,41,'est',526461165,NULL,41,'2013-05-18 05:35:51','1977-07-18 21:38:15'),(42,42,'dolorem',2192032,NULL,42,'1970-07-22 08:14:56','1995-02-27 14:40:55'),(43,43,'rerum',0,NULL,43,'2019-10-28 07:49:25','2003-06-15 02:51:16'),(44,44,'velit',55759,NULL,44,'2004-04-16 22:56:07','2009-07-18 15:33:43'),(45,45,'reiciendis',36409,NULL,45,'1981-03-27 07:13:38','1996-05-13 06:21:31'),(46,46,'et',57468,NULL,46,'1991-01-17 23:42:15','1990-01-18 23:27:04'),(47,47,'eos',6585,NULL,47,'2015-05-27 22:27:44','2005-12-08 01:30:29'),(48,48,'minima',157874456,NULL,48,'2019-12-26 20:50:58','1984-04-04 07:41:56'),(49,49,'et',29181,NULL,49,'1980-02-08 09:46:46','1994-02-18 00:03:03'),(50,50,'dolorem',597134,NULL,50,'2020-11-04 09:18:27','1992-08-01 11:06:27'),(51,51,'occaecati',35507,NULL,51,'1990-06-13 08:15:06','2010-06-18 23:48:04'),(52,52,'ut',28057,NULL,52,'2001-09-03 19:20:30','2006-01-04 07:39:44'),(53,53,'porro',8855,NULL,53,'2007-10-06 11:57:07','1986-09-13 00:57:00'),(54,54,'et',961,NULL,54,'1997-02-06 21:06:09','1978-12-19 23:09:23'),(55,55,'laborum',209,NULL,55,'1974-02-10 13:44:21','2003-01-25 03:22:33'),(56,56,'quos',904,NULL,56,'2006-10-21 05:42:48','2017-12-02 09:02:07'),(57,57,'ea',90558726,NULL,57,'1987-01-03 18:20:46','2020-01-28 21:45:32'),(58,58,'soluta',86,NULL,58,'2011-07-16 03:16:20','1972-11-17 06:30:38'),(59,59,'reiciendis',1014374,NULL,59,'1985-05-18 18:22:48','1993-02-10 13:31:36'),(60,60,'qui',54506,NULL,60,'1981-11-03 15:51:22','2013-10-10 18:44:40'),(61,61,'dolores',46,NULL,61,'1971-10-02 02:05:42','2019-04-23 07:48:44'),(62,62,'doloribus',9,NULL,62,'1995-08-16 12:45:34','1990-05-09 13:23:43'),(63,63,'quidem',85562,NULL,63,'1996-02-29 19:05:01','1986-11-04 20:42:54'),(64,64,'quasi',4165,NULL,64,'1995-01-05 15:09:39','1977-09-30 10:05:05'),(65,65,'qui',61037346,NULL,65,'1973-11-24 16:48:29','2007-05-03 02:31:33'),(66,66,'maiores',1318322,NULL,66,'1984-06-06 03:26:57','1981-12-01 09:41:16'),(67,67,'nemo',0,NULL,67,'1990-05-03 18:24:48','2001-09-27 16:19:27'),(68,68,'cum',546258077,NULL,68,'1992-02-18 10:46:10','2017-04-22 12:19:51'),(69,69,'aspernatur',2,NULL,69,'2014-03-28 12:15:19','1996-05-19 12:30:52'),(70,70,'odio',0,NULL,70,'2011-03-25 19:21:09','1996-11-30 01:31:55'),(71,71,'quis',79644,NULL,71,'1978-01-24 13:49:55','2007-11-04 10:57:01'),(72,72,'necessitatibus',2656751,NULL,72,'2012-07-12 04:46:24','1986-05-31 06:23:53'),(73,73,'doloribus',0,NULL,73,'2005-11-12 07:01:20','1979-07-04 01:25:51'),(74,74,'cupiditate',41070125,NULL,74,'1972-01-05 01:10:53','2019-09-26 21:21:11'),(75,75,'culpa',7006,NULL,75,'1996-01-21 19:50:42','1997-10-05 14:29:30'),(76,76,'blanditiis',57091048,NULL,76,'1999-04-24 23:54:17','1972-08-04 06:25:21'),(77,77,'culpa',8076,NULL,77,'1974-12-24 22:05:22','1984-10-01 15:41:15'),(78,78,'adipisci',250140,NULL,78,'2012-10-26 14:00:04','1974-04-16 05:11:01'),(79,79,'fugit',8,NULL,79,'1986-08-21 15:13:11','1976-07-01 20:31:50'),(80,80,'deleniti',250,NULL,80,'2015-10-31 10:25:18','2003-01-29 00:53:46'),(81,81,'mollitia',3029810,NULL,81,'1980-04-23 04:47:55','1978-02-18 17:34:18'),(82,82,'unde',83703356,NULL,82,'2018-02-12 20:46:12','1989-01-15 08:55:51'),(83,83,'eaque',8,NULL,83,'2005-12-14 19:47:41','1992-03-23 02:20:25'),(84,84,'distinctio',9622,NULL,84,'2010-09-23 16:09:14','2015-11-25 06:13:05'),(85,85,'rerum',3,NULL,85,'1998-06-28 23:12:41','2008-01-02 00:26:49'),(86,86,'numquam',74823099,NULL,86,'2014-06-18 20:57:47','2019-04-11 11:09:17'),(87,87,'ullam',56,NULL,87,'1972-10-07 16:26:19','1989-03-24 20:00:59'),(88,88,'necessitatibus',0,NULL,88,'1983-07-04 01:31:33','1993-04-03 19:35:31'),(89,89,'odit',9563,NULL,89,'1970-08-27 20:56:09','1977-06-12 18:23:31'),(90,90,'molestiae',0,NULL,90,'2017-09-01 06:40:12','1984-07-18 22:12:21'),(91,91,'voluptate',9320140,NULL,91,'1992-09-04 06:53:39','1996-10-12 22:35:03'),(92,92,'et',48546,NULL,92,'2008-02-28 03:59:16','1971-10-05 09:39:28'),(93,93,'deserunt',0,NULL,93,'2002-06-28 21:20:01','2009-04-23 03:05:54'),(94,94,'enim',9,NULL,94,'1980-04-27 05:02:52','1984-05-02 23:27:43'),(95,95,'autem',8741613,NULL,95,'1993-02-28 13:56:13','2002-12-08 16:47:29'),(96,96,'repellendus',593,NULL,96,'1975-08-16 15:42:15','1975-10-23 10:32:08'),(97,97,'qui',793439753,NULL,97,'2014-12-13 17:24:53','1973-05-24 07:37:21'),(98,98,'ut',43861,NULL,98,'1993-09-24 19:23:59','1996-10-22 09:48:28'),(99,99,'qui',66,NULL,99,'2015-03-15 15:15:33','1996-12-02 10:28:52'),(100,100,'aut',63953,NULL,100,'1999-02-28 20:46:59','1978-02-01 22:05:44');
/*!40000 ALTER TABLE `media` ENABLE KEYS */;
UNLOCK TABLES;

--
-- Table structure for table `media_types`
--

DROP TABLE IF EXISTS `media_types`;
/*!40101 SET @saved_cs_client     = @@character_set_client */;
/*!50503 SET character_set_client = utf8mb4 */;
CREATE TABLE `media_types` (
  `id` int unsigned NOT NULL AUTO_INCREMENT COMMENT 'Идентификатор строки',
  `name` varchar(255) CHARACTER SET utf8mb4 COLLATE utf8mb4_unicode_ci NOT NULL COMMENT 'Название типа',
  `created_at` datetime DEFAULT CURRENT_TIMESTAMP COMMENT 'Время создания строки',
  `updated_at` datetime DEFAULT CURRENT_TIMESTAMP ON UPDATE CURRENT_TIMESTAMP COMMENT 'Время обновления строки',
  PRIMARY KEY (`id`),
  UNIQUE KEY `name` (`name`)
) ENGINE=InnoDB AUTO_INCREMENT=101 DEFAULT CHARSET=utf8mb4 COLLATE=utf8mb4_unicode_ci COMMENT='Типы медиафайлов';
/*!40101 SET character_set_client = @saved_cs_client */;

--
-- Dumping data for table `media_types`
--

LOCK TABLES `media_types` WRITE;
/*!40000 ALTER TABLE `media_types` DISABLE KEYS */;
INSERT INTO `media_types` VALUES (1,'laborum','1994-09-02 05:23:29','2013-02-14 12:53:43'),(2,'corrupti','1975-06-24 16:12:20','1993-03-10 19:07:57'),(3,'libero','2006-08-28 05:32:38','1988-01-09 17:26:51'),(4,'nobis','1977-07-30 08:08:48','1986-04-08 00:57:11'),(5,'est','1972-02-16 19:21:46','2019-07-12 03:22:33'),(6,'et','1976-01-06 05:34:31','1997-09-08 02:46:35'),(7,'fugit','1996-03-19 21:11:25','1987-01-28 13:30:25'),(8,'aut','2017-05-01 19:57:49','1982-07-20 11:41:03'),(9,'esse','2008-05-28 06:46:15','1984-02-18 19:25:11'),(10,'sint','2014-04-11 20:01:22','2003-01-16 06:16:46'),(11,'numquam','2006-12-06 04:35:33','2018-12-08 07:23:20'),(12,'repellat','1995-06-18 14:36:53','1972-08-19 04:50:02'),(13,'sed','1979-03-07 00:52:51','2017-05-04 05:22:34'),(14,'ea','1974-10-31 12:18:26','1990-12-13 15:10:08'),(15,'incidunt','1978-07-30 22:25:48','1999-07-13 02:52:26'),(16,'quam','1991-03-28 08:51:05','1974-01-01 02:29:12'),(17,'ut','2012-08-02 15:35:30','1988-07-04 06:18:11'),(18,'ipsam','1999-06-27 13:46:03','1979-07-17 12:46:29'),(19,'possimus','1979-11-07 16:37:09','2013-01-15 16:31:12'),(20,'illo','2008-06-11 18:54:12','1977-07-26 02:16:43'),(21,'neque','1986-09-02 01:24:37','2011-10-16 21:05:58'),(22,'in','1979-09-01 04:55:24','2007-08-01 15:16:48'),(23,'ad','1988-05-24 13:04:35','2012-02-20 02:10:03'),(24,'dolor','2009-04-08 22:38:15','1974-05-10 09:11:26'),(25,'nostrum','1983-04-23 20:57:01','1972-05-29 21:03:48'),(26,'amet','1971-01-24 15:19:45','1995-07-27 13:21:56'),(27,'dolorem','1979-02-22 04:13:50','1986-11-20 08:20:39'),(28,'facilis','1973-11-26 20:09:05','2017-02-21 00:45:41'),(29,'accusantium','2015-05-29 17:02:36','1981-11-24 09:16:01'),(30,'deleniti','2008-06-26 05:25:58','2010-06-18 03:30:00'),(31,'ipsa','1978-06-01 03:56:50','1970-04-11 17:03:51'),(32,'omnis','2013-04-14 02:13:19','1992-12-09 04:24:31'),(33,'ipsum','2016-03-01 08:17:00','1999-02-23 04:45:18'),(34,'consequatur','1979-06-03 01:04:16','1970-04-27 17:48:43'),(35,'explicabo','1983-04-18 02:44:04','1988-08-09 00:00:16'),(36,'modi','2008-06-16 22:26:08','2017-03-24 01:13:12'),(37,'totam','2001-08-14 22:21:31','2014-01-30 12:04:17'),(38,'voluptate','1974-02-10 20:46:47','1981-05-22 05:22:30'),(39,'assumenda','1975-04-12 11:37:41','2011-08-08 12:59:22'),(40,'eligendi','1995-04-08 15:03:25','2010-05-03 02:44:58'),(41,'perspiciatis','2000-08-27 09:45:13','2016-10-21 13:31:14'),(42,'aperiam','1997-05-01 11:02:21','2020-04-18 03:14:20'),(43,'iste','1977-10-08 23:42:49','2008-06-19 10:41:13'),(44,'aliquid','2015-04-22 14:36:16','1972-10-07 08:18:43'),(45,'magni','1987-01-28 20:03:06','2013-09-01 14:06:22'),(46,'perferendis','2016-10-28 17:21:33','1975-07-14 11:30:12'),(47,'veniam','1970-06-02 11:40:04','2015-10-28 06:44:43'),(48,'repudiandae','2010-05-14 16:23:08','1985-07-27 00:04:22'),(49,'quia','1993-09-01 22:01:27','1980-04-02 06:45:51'),(50,'a','2016-12-23 17:30:10','2000-02-17 22:38:53'),(51,'sit','2018-04-17 23:52:47','1999-03-15 22:01:58'),(52,'quo','1974-12-23 12:07:47','1982-09-07 19:38:03'),(53,'nesciunt','1985-09-18 00:58:23','2012-01-28 14:42:02'),(54,'sunt','2004-06-25 05:23:59','1976-03-24 09:02:04'),(55,'minus','2000-01-22 12:54:47','1972-02-21 06:06:22'),(56,'asperiores','1987-03-21 04:35:24','1972-09-24 05:51:19'),(57,'nulla','1977-01-12 03:20:51','2006-06-15 09:33:26'),(58,'ab','1976-01-18 03:47:11','2000-05-05 17:26:43'),(59,'qui','1988-09-12 09:48:58','2003-06-27 03:28:40'),(60,'occaecati','2018-01-12 15:18:24','1998-12-17 01:10:07'),(61,'quas','2005-05-22 16:02:15','1972-09-08 14:16:06'),(62,'sequi','2013-11-20 17:20:58','2018-08-03 23:43:14'),(63,'tempore','2014-09-01 08:56:02','1998-03-18 23:16:43'),(64,'repellendus','1984-11-13 13:31:56','1983-08-07 14:57:06'),(65,'soluta','2003-12-22 20:04:23','2004-06-07 22:52:52'),(66,'velit','1993-09-11 19:26:29','1996-06-03 21:41:04'),(67,'autem','1975-12-05 08:25:11','1972-09-08 07:23:04'),(68,'nihil','2010-08-14 23:03:11','1986-02-13 16:34:13'),(69,'cupiditate','1988-12-22 19:47:06','1989-08-21 10:57:01'),(70,'cum','1998-08-28 14:53:15','1972-05-09 21:48:07'),(71,'praesentium','1977-12-12 19:35:30','1989-02-06 12:08:37'),(72,'eaque','2015-06-26 11:22:57','2017-02-23 17:45:08'),(73,'non','1979-10-13 12:04:49','2015-04-28 05:51:06'),(74,'at','1980-04-22 04:16:52','2002-08-23 19:42:48'),(75,'voluptatem','1980-08-19 21:41:38','2008-06-02 00:12:24'),(76,'minima','2000-06-29 17:55:31','1972-01-08 01:52:12'),(77,'magnam','1993-03-20 07:39:10','2009-06-25 23:25:23'),(78,'officiis','1996-11-27 07:21:37','2004-01-20 07:04:12'),(79,'porro','2019-01-12 07:40:48','1981-06-26 01:43:48'),(80,'iure','1973-01-04 22:56:10','2007-12-06 13:55:36'),(81,'voluptates','1975-12-10 17:58:32','1997-06-05 08:08:24'),(82,'alias','2003-08-20 06:21:38','2014-12-28 04:37:43'),(83,'tenetur','2004-06-03 15:17:37','2010-07-26 19:44:11'),(84,'doloremque','1978-04-25 14:30:36','1978-06-01 17:59:35'),(85,'rerum','1992-04-27 04:31:30','1973-08-20 15:56:00'),(86,'nisi','1983-04-30 05:47:45','1971-06-10 21:31:44'),(87,'reprehenderit','1974-04-05 06:13:52','1992-09-19 13:45:25'),(88,'rem','1985-06-04 05:05:17','1977-01-15 01:00:57'),(89,'id','2014-01-23 04:18:39','1978-07-27 06:51:39'),(90,'quos','1991-07-11 13:03:24','1990-09-19 00:18:21'),(91,'quidem','1978-11-25 17:23:05','2020-07-19 01:58:45'),(92,'laboriosam','1994-10-13 09:26:13','2004-06-04 14:18:39'),(93,'inventore','2010-06-29 20:33:01','2014-09-20 17:36:40'),(94,'enim','1998-03-20 02:34:12','2004-10-14 02:16:15'),(95,'natus','2003-10-29 03:28:29','1997-10-30 20:00:30'),(96,'odit','2010-05-12 02:13:14','2014-04-06 07:02:02'),(97,'blanditiis','1987-01-26 14:29:14','1998-03-03 04:55:12'),(98,'laudantium','2004-11-23 01:20:19','1999-07-16 10:37:29'),(99,'culpa','1982-10-27 16:48:07','1995-04-13 15:28:44'),(100,'quaerat','1995-07-10 17:18:26','1984-03-06 16:40:59');
/*!40000 ALTER TABLE `media_types` ENABLE KEYS */;
UNLOCK TABLES;

--
-- Table structure for table `messages`
--

DROP TABLE IF EXISTS `messages`;
/*!40101 SET @saved_cs_client     = @@character_set_client */;
/*!50503 SET character_set_client = utf8mb4 */;
CREATE TABLE `messages` (
  `id` int unsigned NOT NULL AUTO_INCREMENT COMMENT 'Идентификатор строки',
  `from_user_id` int unsigned NOT NULL COMMENT 'Ссылка на отправителя сообщения',
  `to_user_id` int unsigned NOT NULL COMMENT 'Ссылка на получателя сообщения',
  `body` text CHARACTER SET utf8mb4 COLLATE utf8mb4_unicode_ci NOT NULL COMMENT 'Текст сообщения',
  `is_important` tinyint(1) DEFAULT NULL COMMENT 'Признак важности',
  `is_delivered` tinyint(1) DEFAULT NULL COMMENT 'Признак доставки',
  `created_at` datetime DEFAULT CURRENT_TIMESTAMP COMMENT 'Время создания строки',
  `updated_at` datetime DEFAULT CURRENT_TIMESTAMP ON UPDATE CURRENT_TIMESTAMP COMMENT 'Время обновления строки',
  PRIMARY KEY (`id`)
) ENGINE=InnoDB AUTO_INCREMENT=101 DEFAULT CHARSET=utf8mb4 COLLATE=utf8mb4_unicode_ci COMMENT='Сообщения';
/*!40101 SET character_set_client = @saved_cs_client */;

--
-- Dumping data for table `messages`
--

LOCK TABLES `messages` WRITE;
/*!40000 ALTER TABLE `messages` DISABLE KEYS */;
INSERT INTO `messages` VALUES (1,1,1,'Molestiae dolorem nisi provident modi autem et sint. Magni exercitationem nostrum id magni. Illo dicta eum maiores ad cumque. Qui consequatur sapiente laborum alias suscipit voluptatem quae.',1,0,'1978-03-29 14:40:08','1977-02-21 23:20:22'),(2,2,2,'Officia eos animi autem incidunt et architecto debitis. Ducimus sit consequuntur et debitis et nesciunt. Nisi voluptas dolorem quisquam nesciunt quidem impedit porro. Qui et quam odit sed hic et eum.',0,0,'1971-10-26 12:31:31','2015-01-10 16:20:55'),(3,3,3,'Perspiciatis ratione quia suscipit dignissimos quibusdam et. Blanditiis ut quisquam beatae rerum aut temporibus tempora. Aut in eius vel dolores sed voluptates.',0,1,'2005-02-05 06:41:37','1989-09-01 01:38:24'),(4,4,4,'Aspernatur qui tempora non dolor eligendi. Deserunt tenetur quasi quia nihil nemo. Soluta facere id velit eius eum maiores. Odit quis omnis delectus maiores cum.',0,0,'1980-02-25 14:23:12','1976-10-25 12:22:38'),(5,5,5,'Consequatur et labore repudiandae eum. Natus non temporibus labore. Consequatur dignissimos quia vel ratione sit et et et.',0,0,'1978-01-21 22:02:04','2010-01-08 09:08:23'),(6,6,6,'Sint nulla ipsa quod asperiores voluptatibus. Sed nihil non id perspiciatis. Voluptatum a qui repellendus iste sint nemo animi. Quo maxime nihil corporis et et rem at. Aliquam numquam eligendi et dolore est eveniet aut amet.',0,1,'2003-12-11 04:27:34','1993-12-13 19:14:34'),(7,7,7,'Labore suscipit sapiente temporibus dolores provident voluptatem esse. Totam vitae voluptate et iste. Quia ut quae ipsum officia et voluptate velit. Similique cum eum incidunt totam et corporis.',0,0,'1995-07-26 14:14:43','1974-01-16 20:32:40'),(8,8,8,'Velit natus dolor modi soluta tempore aspernatur suscipit. Itaque eligendi consectetur id. Est facere magni aspernatur et. Autem qui et nesciunt id non ducimus.',0,1,'1981-04-11 08:05:01','1989-06-26 19:25:32'),(9,9,9,'Ea distinctio officia veniam nam vel molestiae. Eos id soluta ipsa dolorem qui. Est blanditiis magni in animi id eos. Assumenda exercitationem labore mollitia iure.',0,0,'1981-07-27 23:12:51','2017-02-02 08:57:12'),(10,10,10,'Nam quia cupiditate ex et. Cupiditate quos non occaecati aut. Blanditiis sunt dolorum exercitationem magnam sint quis dolor. Velit id doloremque unde quam molestias eligendi consequatur.',1,1,'2005-12-18 03:31:19','2015-05-21 20:51:42'),(11,11,11,'Dolorem ullam voluptatum neque laborum velit iste natus. Voluptatem blanditiis quia reiciendis non. Est id qui sed dolorem. Ducimus aspernatur voluptatem sunt non nesciunt. Suscipit id debitis voluptatem quia.',1,1,'2005-05-29 11:25:36','2012-08-07 18:46:29'),(12,12,12,'Dolorum iste iste doloribus sint. Deleniti velit aut rem omnis autem. Inventore qui saepe rerum. Temporibus in laboriosam sapiente excepturi soluta quia.',1,1,'1983-11-01 00:57:05','2001-07-16 05:01:36'),(13,13,13,'Non excepturi tempore ut ea quas rerum atque. Enim quidem fuga dolorem repellat consectetur facilis blanditiis facilis. Et sed soluta molestiae dolorum ipsam. Ipsum voluptas ea molestiae dolor aut.',0,1,'1984-10-09 00:04:18','1987-10-21 17:03:24'),(14,14,14,'Quia inventore at laboriosam. Et et animi ullam sapiente sint. Sed quo in in accusamus molestiae aliquam. Rem itaque nostrum facere perspiciatis.',0,1,'2001-03-22 22:43:36','2017-05-14 21:27:58'),(15,15,15,'Omnis qui repellat tempora. Earum ratione eos repellat ex illum nulla quo molestiae. Sit repellat eum et quo ut ullam.',0,1,'1977-04-07 21:25:45','1977-07-04 11:24:50'),(16,16,16,'Sed deleniti omnis ut doloremque animi sit quam. Quidem voluptas error eius animi ut alias numquam sapiente. Distinctio amet ut ad eveniet nesciunt consectetur minus. Velit consequuntur laboriosam enim et incidunt. Provident laboriosam error dolorem nemo tenetur aut.',1,0,'1983-09-09 07:25:33','1978-11-26 14:28:08'),(17,17,17,'Maxime nesciunt voluptas reiciendis quam quaerat voluptas nemo. Non quibusdam quis quia.',1,0,'1971-04-17 01:52:28','1983-01-01 18:52:28'),(18,18,18,'Facere eaque et qui quo voluptatum nobis qui. Reiciendis eum hic iusto molestias enim. Eos molestiae expedita maiores soluta sed molestias repudiandae distinctio.',0,0,'2005-09-25 14:41:16','2019-05-14 22:35:51'),(19,19,19,'Nam odit hic ut eius sit. Aspernatur suscipit ratione esse ipsam nulla. Iste adipisci non cum assumenda. Et eius dolorem nulla molestiae omnis.',1,0,'1994-07-04 21:10:52','1998-04-02 18:51:32'),(20,20,20,'Aut debitis autem vitae excepturi hic nobis. Optio illum praesentium sit illo est et aut porro. Quasi earum expedita et vel fuga non provident sed. Repellendus totam qui ab cum nulla et.',1,0,'1979-05-13 18:10:04','2011-09-01 11:36:26'),(21,21,21,'Laborum autem optio minima nobis doloremque reprehenderit. Vel quo aut ea quia ut illo consequatur placeat. Non adipisci fuga at cupiditate exercitationem error.',1,1,'1971-04-23 18:06:45','2009-04-18 08:14:03'),(22,22,22,'Debitis quia quisquam aut. Molestiae modi rerum recusandae in. Distinctio molestiae et provident rerum aut ut. Provident voluptatum est maiores consequuntur quod sequi.',0,1,'1998-04-21 18:23:41','2017-07-03 05:09:30'),(23,23,23,'Non ut ut et doloribus voluptatibus. Quia soluta fuga et iusto quisquam.',1,0,'2005-07-04 12:51:14','2013-12-28 07:19:10'),(24,24,24,'Non sunt rerum repudiandae culpa. Incidunt reiciendis ducimus possimus excepturi explicabo itaque. Nulla qui aut consequatur quae. Ut sunt quasi consequatur.',0,0,'2005-09-03 14:58:10','1996-04-07 20:56:44'),(25,25,25,'Inventore mollitia eos explicabo ea omnis non numquam. Ut id sequi ipsum ut dolore id. Autem esse facilis enim tenetur. Est voluptatem tempore repellat.',1,0,'1999-10-24 17:53:31','1987-05-03 13:47:08'),(26,26,26,'Id et et ad est aut voluptatem mollitia. Sequi nulla labore ullam officiis corporis. Autem ex quaerat eveniet magni mollitia vel occaecati.',1,1,'1979-03-28 21:43:46','2006-02-12 09:28:35'),(27,27,27,'Laborum blanditiis praesentium perferendis. Cumque quia magnam et commodi natus repellat. Blanditiis ipsa quia unde sint non. Fuga cumque quia corporis. Aut sed ipsum est molestiae.',0,0,'2012-02-14 10:33:24','2016-08-12 08:32:16'),(28,28,28,'Non quia nihil dignissimos corporis. Voluptatem debitis praesentium et nisi non qui dicta. Quae ratione in ipsum a.',1,0,'2003-10-25 20:05:34','1985-06-17 00:51:43'),(29,29,29,'Sed sed velit facilis suscipit a. Velit soluta deserunt aut deserunt sit quaerat.',1,1,'1999-08-26 02:29:26','2020-02-29 03:14:03'),(30,30,30,'Nihil repellendus dolorum consequatur autem molestiae dolores non. Molestiae dolor at aliquid odit inventore ad animi. Tempora eum et autem consequatur neque inventore voluptatibus. Odit magni itaque praesentium incidunt.',1,1,'1998-02-27 17:48:49','1985-08-23 00:12:56'),(31,31,31,'Atque hic aut maiores ea ab et. Iste voluptas numquam beatae. Minus cupiditate consequuntur enim vel ratione non. At omnis doloremque eum rerum reprehenderit.',1,0,'1973-01-27 15:49:41','2007-12-26 08:06:02'),(32,32,32,'Voluptas distinctio enim numquam corporis corporis dolores. Quae nesciunt tenetur nam mollitia. Omnis numquam amet sed iure nostrum.',0,0,'1989-03-29 09:37:45','2019-10-11 01:34:22'),(33,33,33,'Aut voluptas ipsum magni cumque est quis aut. Nam amet repudiandae sunt. Incidunt voluptatibus eos commodi blanditiis autem. Qui modi rerum voluptatem possimus aut.',0,1,'2004-08-18 00:17:20','1974-07-23 05:04:58'),(34,34,34,'Ad eum provident sunt hic ea iste assumenda. Voluptatem error omnis quas similique qui. Consectetur quia molestiae dolores iure consectetur similique tempora sit. Delectus architecto magnam totam sit ex autem esse illum.',1,0,'1989-04-17 05:02:07','2009-04-03 14:40:16'),(35,35,35,'Dicta modi amet voluptas dolor corrupti possimus et. Quod consequuntur cupiditate odit. Unde pariatur id omnis dolorem doloribus incidunt vel tempora. Non rem ea doloribus quia.',1,0,'1980-09-12 12:17:46','2012-08-03 20:04:24'),(36,36,36,'Consectetur pariatur ex praesentium quo porro delectus earum ratione. Facere dolorem doloribus eveniet numquam laborum expedita reprehenderit. Et vero temporibus fugit officiis et saepe. Voluptas et ex recusandae ut harum.',0,0,'1979-12-18 15:49:54','1982-04-15 14:23:49'),(37,37,37,'Ea qui voluptas atque nihil ea accusamus ut. Dolorum dignissimos nihil voluptatem voluptas et delectus mollitia voluptatem. Quam ea earum nam laudantium magnam. Est quis necessitatibus et quam commodi recusandae enim quibusdam.',0,0,'1994-12-18 11:00:06','1994-11-03 05:46:50'),(38,38,38,'Quis consequatur quam dolores rem quod. Dicta sint quaerat asperiores inventore. Aut enim odit quis quo quibusdam qui architecto. Quae labore praesentium sint voluptatem odio aut.',1,0,'2008-10-13 04:25:57','2019-02-01 05:10:39'),(39,39,39,'Necessitatibus totam quam id ipsum nisi. Recusandae vel nemo eligendi quasi quam suscipit. Corrupti doloremque est voluptas porro voluptatem. Repellendus quas voluptates nostrum deserunt sunt deleniti.',1,0,'1973-06-27 00:34:24','1975-04-17 14:49:05'),(40,40,40,'Et ex voluptatem earum et. Id quam sed eveniet ut debitis incidunt. Quaerat est non reprehenderit ut. Eius nesciunt amet saepe sunt in id quia.',0,0,'1993-04-01 09:37:52','1971-01-05 07:42:07'),(41,41,41,'Dolorum qui qui ipsa dolorem. Pariatur natus dolor ab quasi nulla. Blanditiis deserunt ab accusantium natus eos. Nam sint id cum.',0,0,'1972-07-28 08:17:03','1995-05-10 07:33:56'),(42,42,42,'Explicabo voluptas praesentium fuga modi nisi quos placeat earum. Officia possimus illo aut id. Rerum similique suscipit sit nemo enim provident nulla. Vel rerum accusamus aut dolores minima.',1,1,'1991-04-24 05:15:15','2004-03-31 11:29:47'),(43,43,43,'Praesentium quibusdam illo autem inventore vel. Earum omnis illum doloremque aut ex. Exercitationem eos ullam ullam et sequi.',0,1,'1984-03-27 01:05:24','1999-04-29 13:45:08'),(44,44,44,'Ducimus et et dolorem cupiditate perferendis quas. In non et aut esse sapiente repudiandae. Eaque illo tempora consequatur non suscipit. Consequatur qui rerum ab accusamus.',0,0,'1995-07-18 01:25:46','1999-03-06 20:21:33'),(45,45,45,'Tempora sit et accusamus modi. Qui nisi dolor magni.',1,0,'2016-09-18 16:59:08','1974-06-16 23:38:00'),(46,46,46,'Nesciunt qui veritatis laboriosam et repellat quae. Velit aut beatae et ad. Nihil quas quidem tenetur et natus. Placeat error autem corrupti illum cum deleniti sunt.',1,0,'1987-03-16 20:11:26','2010-05-01 06:45:12'),(47,47,47,'Velit aut quasi a repellendus vero dicta. Voluptas occaecati perferendis repellendus.',1,1,'1991-07-10 14:09:15','1998-12-02 09:12:53'),(48,48,48,'Accusantium illum porro enim et ex sit culpa. Quis adipisci amet sunt fuga optio. Quas ipsum et pariatur.',0,1,'2005-07-01 21:46:13','2008-10-26 07:20:38'),(49,49,49,'Animi molestias quam quisquam molestias. Aut eum quod maiores. Et sit sunt qui id et ea ipsa. Delectus quo ut cupiditate voluptatibus temporibus est amet id.',1,1,'1985-06-08 07:48:57','1974-01-04 09:35:47'),(50,50,50,'Animi voluptatem enim nulla ab. Assumenda vero aperiam nihil nisi. Quis esse enim quis animi fugit non. Inventore ipsa at voluptatem est aut voluptatum dolorum.',0,0,'2008-01-24 21:55:22','1971-03-03 15:28:49'),(51,51,51,'Dignissimos sunt repellendus ipsa suscipit voluptatibus excepturi. Odio suscipit et totam. Quas possimus quia animi ducimus aut.',1,1,'1975-08-24 16:11:59','1982-11-30 22:40:20'),(52,52,52,'Quibusdam omnis dolorem labore quia. Dignissimos qui qui aut quia. Sit eaque accusantium quia ab cum. Quae minus ea nostrum cum aut nostrum omnis.',0,0,'1972-09-20 20:12:18','1978-08-29 21:02:18'),(53,53,53,'Reprehenderit est eius est sed ut necessitatibus voluptatem dolorem. Repellat quam repellat explicabo dolore ut. Et exercitationem in hic aut fugiat.',1,1,'1999-12-30 23:34:17','1989-05-10 03:28:30'),(54,54,54,'Aperiam aut porro totam architecto qui repellat sint. Assumenda ut illo possimus ut autem. Consectetur qui consequatur possimus ipsam ullam hic. Fugiat voluptas qui at.',1,1,'1995-12-16 21:10:30','1971-12-17 15:33:37'),(55,55,55,'Aliquid architecto labore quam voluptas ad. Sunt velit hic voluptatem amet molestiae. Reprehenderit corporis enim esse rerum. Sunt fugiat id velit illum ut assumenda.',0,0,'1985-07-23 06:09:42','1972-02-23 19:36:43'),(56,56,56,'Et a molestiae dolor est aliquam autem nesciunt. Quidem quaerat consectetur officia necessitatibus officiis. Rerum illum optio dicta officiis qui unde.',0,0,'2018-05-12 16:03:58','2019-07-28 06:13:55'),(57,57,57,'Voluptatem ipsa quis similique cumque enim. Rerum enim eligendi fuga labore. Cumque nulla dolorem incidunt numquam deleniti doloremque nobis. Nisi reiciendis et voluptas consectetur sequi.',0,1,'1991-02-03 12:48:05','2007-03-25 01:44:43'),(58,58,58,'Quia totam pariatur eum rerum sed accusamus tenetur. Sit tempore quae aut. Iure inventore repellendus dolorem tempora est ullam ut qui.',1,1,'1987-04-04 17:06:13','1974-05-26 17:36:58'),(59,59,59,'Odio accusamus qui animi et nobis. Voluptatum eos maxime unde voluptatum. Blanditiis quos cum sed magni eos.',1,1,'1973-03-12 03:47:50','1989-01-04 10:59:32'),(60,60,60,'Facilis sint vel et quia vel voluptates ullam. Odit expedita dolores laboriosam laborum. Aut non eum et qui. Accusamus velit atque repellat dolor officia.',1,0,'2000-05-09 16:49:35','2019-10-03 17:26:51'),(61,61,61,'Labore a veniam totam dignissimos totam commodi et. Neque et voluptatum sint sed. Nihil recusandae expedita error dignissimos.',0,1,'2002-06-07 08:48:24','2000-12-23 05:32:42'),(62,62,62,'Et quibusdam sed nobis voluptas quos eligendi vel exercitationem. Totam sint explicabo et rem rerum rem. Enim neque deserunt autem dolore atque. Ipsa quia sunt magni et unde.',0,0,'1971-06-20 13:02:22','1977-02-21 22:12:10'),(63,63,63,'Aliquid ducimus unde odio minima commodi ut. Dolorem tenetur libero est laborum quia aspernatur optio velit. Quibusdam praesentium dicta nemo nemo. Quae fuga ipsum nihil ipsum et.',1,1,'1970-08-27 02:33:40','2016-09-26 06:06:51'),(64,64,64,'Quo temporibus id doloremque ratione. Ut aspernatur qui sequi minus. Dolores dicta iste ut incidunt deserunt. Pariatur dolor unde aut.',1,1,'1997-05-12 21:52:37','2004-07-23 12:30:10'),(65,65,65,'Enim ad autem omnis similique magnam odit. Sunt ut adipisci eligendi rerum ipsum minus quia. Consequatur possimus perferendis voluptatem ad quo consequatur.',0,1,'1989-06-28 14:51:42','1983-04-26 11:42:27'),(66,66,66,'Vitae quo quia quibusdam. Illum quo facere nobis. Recusandae est ipsum sunt fugiat nesciunt sint facere ratione.',1,1,'1978-12-25 07:07:15','2008-07-16 08:12:40'),(67,67,67,'Nobis vel in minus et ad. Dignissimos et sint ea eum.',1,1,'2012-05-01 07:35:54','1974-04-30 12:01:49'),(68,68,68,'Amet nihil ut impedit sint sunt. Nobis maiores est et dolor doloribus. Eveniet sed commodi exercitationem velit expedita.',0,0,'1972-11-12 21:52:05','1986-01-08 11:57:29'),(69,69,69,'Et maiores aperiam repellendus veniam. Fugiat quo sit quia. Asperiores aut omnis totam ea. Aliquam quis perspiciatis eius modi vel facilis. Dignissimos unde qui aut aut repellendus aut quo.',0,0,'2009-10-05 08:27:55','1993-12-25 12:40:39'),(70,70,70,'Non voluptate autem ut sit qui. Eaque ea officia mollitia rerum minima et. Qui omnis velit magnam magni iusto fugiat officiis. Ipsum non blanditiis repellat voluptatibus autem. Quo sit maiores tempore nobis accusantium possimus sint et.',0,1,'2011-09-23 07:10:43','2007-06-05 15:09:11'),(71,71,71,'Harum delectus et qui similique impedit qui vitae. Quam ducimus deleniti tempora aut. Consectetur magni ratione ea pariatur autem beatae. Incidunt ipsam velit rem in. Ducimus voluptatem enim vel error et minima.',1,0,'2019-04-24 03:07:05','1997-01-12 15:19:28'),(72,72,72,'Eius aut eveniet deleniti eveniet enim id eveniet. Quis voluptas enim debitis et accusantium. Ratione et doloribus est sit tenetur sed. Asperiores commodi in tenetur consequatur sit suscipit. Omnis odit sit minima eum.',0,0,'2004-01-17 08:44:29','1988-01-24 11:38:38'),(73,73,73,'Qui reiciendis molestiae mollitia fuga aliquid. Laboriosam culpa optio et eius. Qui doloribus aut est vel. Nihil libero quis omnis distinctio ipsam ab quia.',1,1,'2010-02-16 07:47:09','1977-06-19 21:32:19'),(74,74,74,'Aut velit deleniti dicta soluta. Et est qui porro ut et sed occaecati. Et ullam exercitationem voluptatem a fugit ea corporis. Omnis saepe omnis dignissimos quia.',1,1,'1972-04-18 00:26:32','2006-03-22 16:17:23'),(75,75,75,'Cupiditate sunt soluta vitae autem sit consequatur ipsum qui. Ut a quia et tempora voluptatum repellat aut. Sint hic aspernatur nihil iste esse ex.',1,1,'1980-01-02 12:55:12','2005-11-13 04:55:24'),(76,76,76,'Et dolorum ut consequatur ut accusantium officiis. Fugit explicabo pariatur non sunt vel voluptatum ut. Ut placeat animi natus quisquam aut. Minus culpa corrupti sit libero ducimus quo libero.',1,1,'2018-08-20 19:53:42','2008-07-01 08:30:34'),(77,77,77,'Voluptates aut repellat et aut doloremque odit autem est. Earum ut minus est. Explicabo temporibus asperiores et nemo ut. Iusto quia aliquam expedita est.',1,1,'1981-12-04 07:25:18','2001-07-19 21:20:19'),(78,78,78,'Odio rerum nesciunt ut aut aut id. Ipsa aliquid facere quos recusandae perspiciatis. Culpa soluta qui quam alias. Rerum sunt soluta amet temporibus sed ut iusto.',0,0,'1986-05-09 07:43:56','1983-07-12 08:06:02'),(79,79,79,'Dolorem ea atque quia nesciunt necessitatibus. Consequatur ipsa impedit et voluptatem. Perspiciatis earum distinctio fugiat incidunt architecto reprehenderit reiciendis. Ipsa voluptatem magni possimus itaque ut.',1,0,'2008-03-29 05:20:29','1971-08-01 13:54:11'),(80,80,80,'Amet adipisci dolores voluptatem quia officia. Exercitationem aut saepe ipsa et qui eius aliquam. Delectus sequi voluptates quo laboriosam exercitationem aut dolorem.',0,0,'1973-01-23 15:01:30','1984-05-09 01:07:04'),(81,81,81,'Et commodi mollitia vel quos. Sint maiores nihil eos quasi. Sint voluptas tenetur quo natus molestiae eligendi pariatur sint. Explicabo ipsa qui laudantium dolorem.',0,0,'1992-07-06 02:11:09','2019-08-07 19:30:34'),(82,82,82,'Minus ut occaecati est suscipit. Doloribus est natus ut eum.',1,0,'1999-09-13 15:17:17','1971-10-03 14:35:42'),(83,83,83,'Repellendus est natus quia non consequatur animi fuga. Repudiandae voluptatem veritatis qui qui natus veritatis. Pariatur saepe consectetur ipsam quas amet sit. Doloremque cum hic voluptatem perferendis ex quos voluptatem.',0,1,'1975-12-14 23:33:48','2011-12-29 13:52:53'),(84,84,84,'Deleniti ratione non omnis ut suscipit. Suscipit ut id quos quo ipsa. Voluptatem impedit qui non aliquam reprehenderit qui provident porro.',1,0,'1993-01-06 02:27:43','1998-09-09 14:31:32'),(85,85,85,'Numquam aut quaerat eaque inventore dolorem in. Consectetur dolor voluptatem veritatis quas. Laudantium vel et deleniti rerum fuga aperiam veniam consequatur.',0,0,'2011-12-04 03:07:48','2008-09-18 17:40:01'),(86,86,86,'Est aut facilis voluptatem facilis eos distinctio nemo. Excepturi sed deleniti nemo id nobis. Assumenda voluptas quia possimus quia a dolorem.',0,1,'2010-12-31 23:48:07','2018-02-14 12:47:33'),(87,87,87,'Dolorem quae voluptatem laudantium repudiandae libero. Veritatis hic saepe vel in rerum officia cum. Dolor et qui molestiae.',1,0,'1996-08-16 03:25:41','1993-10-14 18:55:54'),(88,88,88,'Distinctio suscipit expedita nisi eveniet excepturi ex necessitatibus voluptatem. Distinctio reprehenderit aut incidunt. Quas tempora pariatur tempore qui.',0,0,'2004-12-07 21:40:29','1992-11-26 15:28:21'),(89,89,89,'Nam non molestiae voluptas est. Deleniti et saepe molestias voluptas nisi accusamus suscipit. Molestiae nulla in perferendis.',1,0,'2019-09-16 21:17:57','1972-07-18 10:43:22'),(90,90,90,'Doloribus qui porro error non quos. Ut in et et doloremque quia voluptatem.',0,1,'2007-05-25 13:47:28','2018-02-28 20:34:34'),(91,91,91,'Omnis dolore reprehenderit molestiae quibusdam error consequatur. Dicta debitis fugit doloremque ea unde. Blanditiis eligendi consequuntur autem magnam.',0,0,'2010-04-13 06:57:18','2000-10-13 16:23:20'),(92,92,92,'Iste sint ut rerum. Non nihil laboriosam provident est. Magni accusantium ducimus culpa officiis reiciendis consequuntur.',1,1,'1974-12-01 18:02:09','1993-09-24 18:40:59'),(93,93,93,'Est non soluta laboriosam omnis. Enim sit ipsum aut consequatur. Architecto et sit ducimus soluta consequuntur.',1,1,'2013-03-28 22:06:56','1980-11-11 00:12:40'),(94,94,94,'Accusantium qui explicabo qui est iste ea. Sit voluptas asperiores nihil quisquam totam labore aperiam. Qui quasi sapiente ducimus provident. Eos nihil quibusdam consequatur aliquam quo. Aut eos dicta quibusdam amet autem qui eos.',1,0,'2012-06-05 10:20:17','2015-09-06 19:09:17'),(95,95,95,'Neque vel deleniti aut aliquam aliquid. Rem molestiae enim sint aut numquam hic sit. Culpa impedit doloremque explicabo.',0,0,'1999-10-25 04:46:58','2019-05-20 16:20:29'),(96,96,96,'Eius impedit rem dolore rem dolorem. Accusamus sequi et aliquam aut velit sit. Dolor ad illum quia tenetur.',1,1,'1994-08-31 02:29:46','1971-05-28 01:58:37'),(97,97,97,'Impedit dolor maxime modi et eos aut sequi et. Vel amet a ipsum vel. Vitae repellendus similique dolor nobis est.',1,1,'2012-06-26 22:11:55','2010-10-18 03:59:39'),(98,98,98,'Iusto magnam eum ducimus. Quis deleniti architecto enim quia officia maiores. Enim quia molestiae voluptatem qui sed. Ut quis hic praesentium consequatur. Ex odit quam ducimus eligendi quod non soluta.',1,1,'2013-12-16 04:09:58','1975-07-28 22:59:11'),(99,99,99,'Ea laudantium dolorem odio velit quia et magni. Cum est voluptatum aut id. Consequatur dolorem voluptatem voluptas quae nemo omnis. Repellat omnis porro non dolore minima nobis.',0,1,'1996-11-02 02:31:16','1985-06-02 11:02:08'),(100,100,100,'Itaque unde sed rerum fugit aut quam quidem. Perspiciatis non odit officia facilis. Aut expedita qui architecto rerum.',1,1,'2008-12-10 04:40:48','1980-06-08 18:28:21');
/*!40000 ALTER TABLE `messages` ENABLE KEYS */;
UNLOCK TABLES;

--
-- Table structure for table `profiles`
--

DROP TABLE IF EXISTS `profiles`;
/*!40101 SET @saved_cs_client     = @@character_set_client */;
/*!50503 SET character_set_client = utf8mb4 */;
CREATE TABLE `profiles` (
  `user_id` int unsigned NOT NULL COMMENT 'Ссылка на пользователя',
  `gender` char(1) CHARACTER SET utf8mb4 COLLATE utf8mb4_unicode_ci NOT NULL COMMENT 'Пол',
  `birthday` date DEFAULT NULL COMMENT 'Дата рождения',
  `photo_id` int unsigned DEFAULT NULL COMMENT 'Ссылка на основную фотографию пользователя',
  `status` varchar(30) CHARACTER SET utf8mb4 COLLATE utf8mb4_unicode_ci DEFAULT NULL COMMENT 'Текущий статус',
  `city` varchar(130) CHARACTER SET utf8mb4 COLLATE utf8mb4_unicode_ci DEFAULT NULL COMMENT 'Город проживания',
  `country` varchar(130) CHARACTER SET utf8mb4 COLLATE utf8mb4_unicode_ci DEFAULT NULL COMMENT 'Страна проживания',
  `created_at` datetime DEFAULT CURRENT_TIMESTAMP COMMENT 'Время создания строки',
  `updated_at` datetime DEFAULT CURRENT_TIMESTAMP ON UPDATE CURRENT_TIMESTAMP COMMENT 'Время обновления строки',
  PRIMARY KEY (`user_id`)
) ENGINE=InnoDB DEFAULT CHARSET=utf8mb4 COLLATE=utf8mb4_unicode_ci COMMENT='Профили';
/*!40101 SET character_set_client = @saved_cs_client */;

--
-- Dumping data for table `profiles`
--

LOCK TABLES `profiles` WRITE;
/*!40000 ALTER TABLE `profiles` DISABLE KEYS */;
INSERT INTO `profiles` VALUES (1,'M','1988-12-11',4,'Aperiam exercitationem ut mole','New Stevie','729215','1978-04-23 10:03:19','1981-01-31 08:46:12'),(2,'P','1986-09-13',5,'Ut sunt ipsa placeat nostrum e','Aufderharport','28727951','2009-08-14 08:25:37','1978-02-10 16:36:37'),(3,'M','2000-11-01',6,'Natus omnis excepturi iure vit','Ahmadland','7794','1973-01-02 19:13:42','2011-03-17 23:08:19'),(4,'D','2006-03-27',7,'Deserunt odio recusandae vitae','Kiehnton','385222728','2015-03-20 00:11:22','1994-05-23 14:17:43'),(5,'P','1986-09-02',3,'Quisquam sit provident perfere','West Carmel','268','2016-12-27 10:50:22','1971-12-14 09:21:33'),(6,'P','2010-08-24',9,'Distinctio atque possimus magn','Metzfort','712583222','1993-10-26 16:51:31','1995-06-21 21:51:48'),(7,'D','1983-09-04',9,'Quibusdam sapiente iusto elige','East Charleneshire','9009207','2020-03-29 03:15:52','2016-02-18 00:53:38'),(8,'D','1975-07-22',1,'Qui itaque blanditiis recusand','Myrahaven','629924384','2003-07-10 10:52:43','2006-06-01 22:40:28'),(9,'M','1986-06-30',5,'Consequatur vel impedit nihil ','Alyssonmouth','6','2003-06-19 20:15:45','2012-09-21 17:59:30'),(10,'M','2017-01-26',5,'Id occaecati dolor magnam accu','New Conrad','23443017','1983-05-29 09:56:43','1979-10-09 14:45:41'),(11,'M','2006-04-16',5,'Vel numquam modi asperiores ve','Russelborough','','1999-09-12 09:19:55','1987-12-02 22:05:40'),(12,'M','1999-05-12',7,'Aut maxime officiis cum est di','Lake Tracemouth','','1986-05-27 21:26:49','2018-05-26 06:18:47'),(13,'D','1988-11-14',3,'Hic sit ex odit suscipit neque','Port Tamia','232867','1988-10-10 02:21:39','1976-11-15 07:41:07'),(14,'D','2020-03-10',4,'Aspernatur repudiandae volupta','South Dolores','22285','1994-10-29 11:58:08','1991-06-20 11:34:55'),(15,'M','1970-05-30',7,'Optio sunt est asperiores dolo','East Emmaland','438822801','1988-01-04 10:43:35','2005-10-10 16:32:00'),(16,'D','1982-01-30',7,'Voluptatum animi placeat corpo','Adonisburgh','1158652','2006-11-22 04:41:42','1981-04-02 02:17:17'),(17,'P','1972-01-14',6,'Ipsum quia rerum in et corpori','Port Antoinette','3394','2004-04-10 15:08:50','1981-04-21 18:34:43'),(18,'P','1986-06-16',7,'Doloremque nemo ea voluptatem ','New Shaylee','6','2018-08-12 01:52:34','1984-05-05 12:19:23'),(19,'D','1993-12-10',4,'Ducimus laudantium ut earum eu','South Shakira','28','2013-05-22 20:42:04','1981-05-27 08:29:00'),(20,'M','1998-02-11',9,'Minus et facere velit. Atque l','Joannieburgh','207746902','1992-09-15 15:44:15','2011-07-11 18:16:56'),(21,'P','2014-04-01',7,'Distinctio voluptates illo rec','Hoppeview','454387160','1995-12-10 11:33:04','2014-11-10 01:52:23'),(22,'D','1994-10-05',2,'Sed similique aperiam consequa','South Arianna','','1972-02-05 21:56:46','2003-07-12 08:01:06'),(23,'M','1983-09-20',6,'Rerum praesentium deserunt ven','Alaniston','94','2000-11-26 08:30:59','2009-01-06 09:34:48'),(24,'M','1986-06-02',6,'Enim reprehenderit corrupti na','Lake Ignatiusberg','289896','1984-06-24 22:46:17','1995-04-09 06:12:16'),(25,'D','2009-01-17',6,'Aperiam quo culpa incidunt ten','Parkerfort','','1982-02-19 04:25:12','1976-02-10 09:36:24'),(26,'M','2006-01-12',7,'Et facilis consequatur alias. ','Johathanburgh','94','2014-04-22 02:25:17','1983-11-16 23:12:34'),(27,'D','1985-06-20',2,'Dolorem aspernatur minus ipsa ','Port Tonifurt','77828','1998-01-20 13:21:13','1980-11-08 19:27:40'),(28,'M','1994-06-14',8,'Consequatur reprehenderit veri','East Tryciaville','','1994-10-24 17:13:37','2015-09-29 05:58:56'),(29,'P','2011-09-02',6,'Soluta consequatur corrupti qu','Croninchester','116638851','1993-04-26 04:16:04','1981-01-22 01:09:31'),(30,'P','2020-02-03',8,'Vel inventore qui vero molesti','South Darenchester','561','1974-04-30 04:28:05','1991-05-24 08:45:16'),(31,'M','1988-11-28',7,'Vitae debitis ut possimus quam','Gordonport','6385304','1974-12-31 09:22:02','1973-04-24 18:39:07'),(32,'M','2015-11-02',6,'Officia sed et necessitatibus ','Beerburgh','494','1977-01-23 11:25:16','1980-02-09 00:10:32'),(33,'M','2000-10-22',1,'Rerum ea ut aut culpa minima d','Lake Koryside','55','2004-01-03 23:16:28','2009-06-23 21:03:34'),(34,'D','1992-11-17',6,'Quisquam corrupti non nisi imp','New Antonietta','25301','1972-04-12 08:49:17','1971-04-26 19:27:46'),(35,'P','1989-03-22',2,'Consequuntur mollitia aut volu','Macejkovicchester','888','2018-12-14 00:50:57','1975-06-17 18:16:31'),(36,'P','1975-09-20',3,'Qui quia ex illum aperiam ea o','Lake Samantastad','240413','2010-01-22 01:46:05','2006-10-04 14:24:16'),(37,'D','2011-04-12',4,'Eos temporibus reiciendis et p','Bransonville','84161360','2011-01-18 03:18:58','2008-12-22 21:39:23'),(38,'M','1973-08-03',9,'Et officiis aut temporibus eos','Pattiefort','','2000-05-01 16:39:39','2008-08-21 18:05:39'),(39,'M','2013-09-20',9,'Dolorum ut dolorum aut volupta','New Oswaldoton','881581','2010-05-01 15:02:12','1975-03-02 14:14:06'),(40,'D','2001-11-09',7,'Beatae consequatur sapiente in','Lake Madalineberg','39','1979-01-23 05:35:13','1979-11-07 16:21:36'),(41,'M','1970-02-17',8,'Blanditiis voluptatum id conse','Waterstown','','1976-05-10 04:18:14','2003-02-21 21:00:49'),(42,'D','1990-07-06',3,'Eos praesentium assumenda non ','South Walterbury','1779307','1975-12-08 06:08:26','1992-09-24 19:38:31'),(43,'M','1989-06-20',6,'Et aperiam fugit voluptatem. C','West Jacyntheview','70248','1981-02-09 21:06:46','1990-12-27 21:21:17'),(44,'M','1991-08-11',7,'Quo non recusandae qui modi mo','Schowalterville','501871','1984-12-03 18:52:54','2006-09-10 06:55:15'),(45,'M','1978-10-25',2,'Ex ipsa explicabo dolor libero','Lake Verlashire','78033','1975-11-15 16:43:44','1993-08-17 23:04:23'),(46,'D','1991-12-09',4,'Et inventore itaque molestiae ','Lindgrenview','28136776','2009-04-09 07:46:35','2015-02-23 08:42:53'),(47,'D','1994-01-05',1,'Quia quaerat quas a sed dolore','Jennyferberg','63802','1982-11-11 11:18:49','2013-03-30 14:37:24'),(48,'D','1981-04-22',4,'Non id et blanditiis atque qui','Florinefurt','48','2016-06-10 20:01:27','1986-03-23 07:16:30'),(49,'P','2009-02-19',5,'Aut quia excepturi dolorum vol','Turnerport','183724','1994-02-08 07:42:30','1976-04-23 23:25:51'),(50,'M','2016-01-18',8,'Repellendus earum rem delectus','Elliottfurt','','1990-10-08 23:20:22','2019-09-25 10:55:17'),(51,'P','1997-07-30',6,'Id in similique ipsa hic labor','Kemmerfort','28029605','1993-02-08 14:48:19','1984-03-28 22:01:06'),(52,'D','1986-05-01',2,'Sapiente maiores harum exercit','East Elliotview','521596','2005-08-17 07:39:45','1977-02-27 02:01:27'),(53,'P','1973-10-24',4,'Voluptatem modi ex tenetur seq','Cassandrabury','2378268','2011-02-04 04:08:53','1987-07-13 06:03:09'),(54,'D','1981-10-09',1,'Et vitae voluptatem dolor susc','Mohrshire','272363','1984-06-16 06:10:29','2019-03-06 20:33:02'),(55,'M','2003-10-06',3,'Natus cumque ipsa sunt aut lab','North Aubree','76','1993-07-07 19:58:00','1998-02-16 01:25:54'),(56,'P','1980-11-30',5,'Quia eum sed atque eius. Harum','East Vena','2856918','1970-02-13 19:41:18','1979-07-09 23:07:50'),(57,'M','2003-01-28',8,'Nesciunt molestiae corporis qu','South Arvillaside','2','2011-04-20 20:30:24','1987-11-23 16:33:04'),(58,'D','1984-01-10',7,'Fugit eum illo ad culpa amet m','Reillychester','645979','2008-08-08 20:26:13','1983-07-31 06:17:57'),(59,'P','2013-09-07',9,'Enim et quo dolorem beatae dol','West Linnea','37','1970-09-23 11:46:33','1998-10-03 23:59:26'),(60,'D','1991-05-30',2,'Atque sint voluptatibus esse m','Lake Tyra','713241','2012-02-28 02:32:18','2015-10-01 19:36:37'),(61,'P','1989-10-28',1,'Animi est a inventore rerum do','East Amie','9504','2002-05-10 09:41:01','2011-11-04 16:43:34'),(62,'M','1973-03-01',2,'Ipsam deleniti quisquam rem. A','Port Griffinfort','264064','1990-07-01 07:23:31','1995-09-17 03:56:48'),(63,'M','1993-10-01',2,'Provident quas nobis molestias','South Brodyshire','374443','1998-01-29 01:49:20','1985-10-30 14:54:15'),(64,'D','2007-11-25',6,'Provident porro similique et e','North Addieburgh','8','1982-11-21 13:43:10','2001-12-23 20:11:50'),(65,'D','2014-04-06',4,'Earum esse atque officia optio','West Kathryne','76285','1974-09-02 15:35:53','2000-12-03 04:57:57'),(66,'M','1988-04-06',7,'Officia nesciunt distinctio na','Eladioshire','','2020-06-29 19:26:53','1996-03-31 17:39:55'),(67,'D','2016-02-29',2,'Ea itaque voluptates maxime te','Elliottmouth','802','2004-11-10 14:37:34','1984-02-07 07:18:15'),(68,'M','1987-09-22',9,'Et natus rem officia iusto qui','East Koreyburgh','336350','2007-12-13 02:16:50','1985-08-06 18:50:30'),(69,'D','1991-02-07',3,'Tenetur rerum modi voluptatibu','South Christopher','','1972-06-16 23:35:11','2000-02-11 04:07:26'),(70,'M','2013-12-29',9,'Expedita suscipit fugit quaera','Alessiaberg','8','2016-09-08 09:10:17','1985-06-29 12:22:02'),(71,'D','2009-11-20',7,'Quidem fugiat commodi modi ius','East Aureliebury','525532206','1999-12-23 04:17:44','2016-04-08 16:22:00'),(72,'M','1982-10-08',8,'Dolorem odit qui quae repellat','Duaneville','','1993-02-21 10:55:22','2008-08-14 01:04:21'),(73,'P','2012-10-30',2,'Et eum esse saepe a iste verit','East Albertaburgh','601','1973-10-24 20:37:02','2016-11-15 00:31:09'),(74,'M','1997-03-31',3,'Qui ipsam ut numquam est qui. ','Napoleonmouth','','2009-03-01 21:34:15','1986-09-27 03:33:08'),(75,'D','1982-10-05',3,'Consequuntur est minus error o','Delphaborough','202641','1993-12-24 23:54:10','1971-06-10 02:20:57'),(76,'P','1976-07-25',5,'Assumenda totam qui eaque quia','Greenshire','','1987-02-20 19:00:17','1982-05-31 14:41:45'),(77,'M','1990-10-13',6,'Eius tempora voluptas dolorem ','Lemkeshire','195524991','2020-03-14 10:47:58','1971-05-25 10:10:11'),(78,'P','1983-11-19',4,'Enim et et et voluptatibus ess','Lake Tyreemouth','465875931','2020-11-30 17:10:56','2016-07-08 21:33:01'),(79,'D','1989-01-03',3,'Et aspernatur at est cumque mo','East Jewell','7991','1992-10-11 18:40:20','2001-09-06 11:31:05'),(80,'D','1992-02-08',9,'Qui fugit aspernatur sit eius ','Port Tiaville','','1996-04-12 07:43:18','2016-06-11 23:38:31'),(81,'M','2010-11-08',2,'Nam reprehenderit aut consequa','New Lea','922','1981-01-09 12:02:21','1994-04-28 23:23:32'),(82,'M','2016-05-29',5,'Veritatis ut doloremque ut eve','Jacobibury','59235058','1997-12-11 10:55:41','1987-09-23 16:38:51'),(83,'D','1991-06-06',9,'Dolor autem dolorum dolore eaq','Anneburgh','52','2003-02-10 22:18:19','1989-06-21 13:47:53'),(84,'M','1994-06-04',3,'Et ex sit doloribus rerum. Nat','Katelinville','963960409','2015-08-10 10:24:30','2018-08-09 04:32:37'),(85,'D','2009-06-13',8,'Quasi illo quia libero id sint','North Ivy','35','2016-09-24 17:31:20','1983-12-04 14:59:39'),(86,'M','2008-09-13',8,'Cumque et et sed possimus eos ','Port Karina','1480923','1972-11-10 22:25:15','1976-05-28 09:45:23'),(87,'D','1975-08-21',6,'Quidem in ut consequuntur erro','North Kaylee','5237','1985-03-24 22:46:11','1982-02-11 21:07:24'),(88,'D','1986-09-21',9,'Dolores quis odio dolores vero','New Fridafurt','66348','1993-11-11 14:59:22','2008-12-15 05:15:45'),(89,'M','1991-04-07',7,'Commodi ut non quia possimus e','Anitaborough','144','2021-03-05 14:44:18','1992-09-10 12:37:08'),(90,'D','1994-03-05',8,'Labore velit et facere. Nemo s','Moorefurt','464499402','1994-05-02 02:40:00','1997-03-19 14:45:26'),(91,'M','1983-11-02',9,'Ea ducimus id et commodi dicta','Lake Webster','83584','1996-05-27 16:48:11','1992-04-27 06:28:08'),(92,'P','2012-05-03',2,'Beatae hic vitae id eum neque.','East Warrenside','226103392','1994-06-18 08:28:06','2016-03-25 05:14:14'),(93,'M','1970-01-17',1,'Voluptatum aut error sit sed a','Brandiport','5524','2017-12-30 22:04:46','1988-03-10 21:18:12'),(94,'M','2017-12-16',6,'Non quam sed aliquam eum. Comm','Layneland','23721','1970-02-26 21:01:31','2009-06-26 18:35:41'),(95,'P','2001-07-07',4,'Non earum eaque sint voluptas ','East Roselynton','3','1994-02-28 12:58:32','1976-10-09 19:29:27'),(96,'M','2007-01-12',1,'Alias aperiam autem aliquam et','Lake Nelle','595749073','2019-02-02 07:50:44','1994-01-09 18:59:05'),(97,'P','2009-02-07',1,'Ipsum aliquid odio ab voluptas','Granvillehaven','','1993-12-14 19:45:21','2008-09-09 20:22:21'),(98,'M','2005-09-17',9,'Delectus nulla praesentium arc','Windlerborough','76972397','1983-09-11 19:12:02','1987-11-26 05:12:15'),(99,'D','2013-06-24',2,'Esse aut et recusandae officii','Lake Lorenaside','4','1987-07-15 01:54:29','1992-06-17 05:44:15'),(100,'M','1975-09-01',3,'Dolorum omnis placeat voluptat','Toyhaven','53199','1974-05-13 13:38:02','1980-08-22 20:08:34');
/*!40000 ALTER TABLE `profiles` ENABLE KEYS */;
UNLOCK TABLES;

--
-- Table structure for table `users`
--

DROP TABLE IF EXISTS `users`;
/*!40101 SET @saved_cs_client     = @@character_set_client */;
/*!50503 SET character_set_client = utf8mb4 */;
CREATE TABLE `users` (
  `id` int unsigned NOT NULL AUTO_INCREMENT COMMENT 'Идентификатор строки',
  `first_name` varchar(100) CHARACTER SET utf8mb4 COLLATE utf8mb4_unicode_ci NOT NULL COMMENT 'Имя пользователя',
  `last_name` varchar(100) CHARACTER SET utf8mb4 COLLATE utf8mb4_unicode_ci NOT NULL COMMENT 'Фамилия пользователя',
  `email` varchar(100) CHARACTER SET utf8mb4 COLLATE utf8mb4_unicode_ci NOT NULL COMMENT 'Почта',
  `phone` varchar(100) CHARACTER SET utf8mb4 COLLATE utf8mb4_unicode_ci NOT NULL COMMENT 'Телефон',
  `created_at` datetime DEFAULT CURRENT_TIMESTAMP COMMENT 'Время создания строки',
  `updated_at` datetime DEFAULT CURRENT_TIMESTAMP ON UPDATE CURRENT_TIMESTAMP COMMENT 'Время обновления строки',
  PRIMARY KEY (`id`),
  UNIQUE KEY `email` (`email`),
  UNIQUE KEY `phone` (`phone`)
) ENGINE=InnoDB AUTO_INCREMENT=101 DEFAULT CHARSET=utf8mb4 COLLATE=utf8mb4_unicode_ci COMMENT='Пользователи';
/*!40101 SET character_set_client = @saved_cs_client */;

--
-- Dumping data for table `users`
--

LOCK TABLES `users` WRITE;
/*!40000 ALTER TABLE `users` DISABLE KEYS */;
INSERT INTO `users` VALUES (1,'Arlene','Gusikowski','chase04@example.net','03298789474','1977-03-24 18:23:33','2004-11-28 20:06:48'),(2,'Winfield','Hettinger','jacey91@example.com','605.545.4826','1987-04-22 16:05:13','1978-01-21 21:53:57'),(3,'Isai','Nitzsche','kiehn.domenico@example.com','828.555.3828x37314','1988-08-07 14:31:45','1991-07-10 19:14:55'),(4,'Waino','Beahan','bins.domingo@example.org','918.926.2213x3504','1985-05-19 11:30:24','2001-11-03 16:57:00'),(5,'Ladarius','Koch','laron41@example.org','01356571647','1971-06-09 03:00:14','2014-11-18 18:55:11'),(6,'Alysha','Dickinson','oprohaska@example.org','631.628.5167x0325','1995-12-14 15:15:25','1972-05-15 23:51:59'),(7,'Efren','Terry','amari.osinski@example.org','1-941-776-2041','1986-09-20 07:52:00','2001-02-25 07:44:50'),(8,'Danielle','Borer','mertie.stehr@example.com','186.751.4153','1978-08-26 11:41:22','1970-09-16 23:19:00'),(9,'Jaydon','Christiansen','janelle.daugherty@example.net','278-128-0667x270','2015-12-21 02:59:03','1974-02-07 20:06:22'),(10,'Troy','Baumbach','zschowalter@example.org','542-423-8443','1984-04-29 01:01:32','1974-07-21 09:58:21'),(11,'Lemuel','Reichert','cmclaughlin@example.com','1-323-781-6957x17020','2012-12-07 07:14:51','1987-01-17 21:43:24'),(12,'Aaliyah','Breitenberg','dubuque.imogene@example.com','+37(7)9795888833','1991-07-14 12:21:57','1988-01-22 12:48:26'),(13,'Ona','Rutherford','vtowne@example.com','515.453.6052','1981-11-24 10:29:59','1991-01-04 22:35:57'),(14,'Elinore','Bergnaum','o\'kon.peter@example.org','1-505-390-4630x4471','1994-01-11 23:26:39','2005-05-22 20:52:41'),(15,'Manuel','Rath','armstrong.wellington@example.org','589-108-8832x9106','1970-05-20 04:07:29','1992-01-26 05:49:49'),(16,'Elliott','Jaskolski','kshlerin.aileen@example.org','407.779.1636x791','1982-07-14 14:15:49','1987-02-17 10:10:08'),(17,'Cayla','Halvorson','vgerlach@example.org','(096)630-0378','2012-09-18 06:11:08','2020-06-18 03:37:26'),(18,'Desmond','Roberts','lee91@example.com','549.274.1673x33443','2019-03-31 08:11:18','2013-07-06 12:58:33'),(19,'Royal','Herzog','katherine70@example.net','227-004-8600','1972-02-15 00:51:39','1973-06-08 11:58:19'),(20,'Demario','Muller','haley.berenice@example.net','674-087-1047x5486','2009-01-02 21:31:28','1999-06-15 13:22:41'),(21,'Gertrude','Schamberger','fwindler@example.org','1-737-097-3029x726','1970-10-05 20:47:39','1993-06-04 10:55:25'),(22,'Lola','Hagenes','cicero93@example.com','(290)409-4330x7815','1991-12-23 00:47:25','1976-09-03 03:38:35'),(23,'Maggie','Dooley','darryl49@example.net','+66(7)5825515443','2001-10-24 17:12:41','2009-09-18 08:14:03'),(24,'Hallie','Tromp','raquel64@example.net','(986)373-5895','1995-06-09 15:45:58','1996-08-31 06:14:29'),(25,'Kaelyn','Botsford','taya57@example.com','430.510.2249x78351','1976-05-19 18:46:48','2017-05-18 19:52:36'),(26,'Erik','Grady','narciso77@example.org','375.996.8419x91000','2004-05-28 01:24:44','2010-07-18 08:28:41'),(27,'Randal','Rau','wo\'kon@example.com','385.839.2896x57781','1971-07-29 23:22:04','1971-09-28 02:46:30'),(28,'Marilyne','Wintheiser','steuber.stacey@example.org','327-849-2437x5015','1977-08-09 15:28:07','1976-06-15 09:12:47'),(29,'Fritz','Lehner','istark@example.com','734.740.5054','1991-02-02 23:55:45','1975-03-18 03:31:44'),(30,'Colin','Crist','spfeffer@example.net','630-092-5084x4015','2012-10-22 20:43:09','2004-06-27 21:52:55'),(31,'Nicholas','Lebsack','elvie.spinka@example.org','1-270-063-5524x06119','2001-09-19 13:12:02','1983-09-12 23:47:14'),(32,'Kira','Morissette','lemmerich@example.net','02403196435','2016-11-09 02:39:01','2017-04-15 06:30:47'),(33,'Anne','Bartoletti','enid.lesch@example.net','1-782-812-8580','1974-02-02 19:18:05','2012-06-24 23:59:35'),(34,'Garrison','Jacobson','lela52@example.net','554.614.0857x05066','1971-05-04 15:25:57','1985-04-04 14:11:26'),(35,'Sydney','Sauer','oran.ryan@example.com','(906)548-2002','1993-08-31 01:29:49','1983-07-31 11:40:47'),(36,'Avery','Jast','pfannerstill.oscar@example.net','(183)408-6141x9511','1998-03-28 10:51:58','2005-07-23 09:05:56'),(37,'Laury','McKenzie','carlie37@example.org','760-726-8425x835','2006-07-24 05:08:30','1996-12-08 21:35:27'),(38,'Kendall','Ruecker','collier.oral@example.net','308.162.5232x3029','1998-02-01 05:46:04','1979-02-16 18:05:00'),(39,'Lisette','Daniel','von.gunner@example.com','(949)077-9469x69600','1984-06-11 12:14:21','2019-07-18 18:32:27'),(40,'Lori','Blanda','grady54@example.net','03276044873','1987-08-14 02:40:02','2002-06-01 11:54:32'),(41,'Arnaldo','Dach','johnston.maximillia@example.com','110-928-8065x8020','2019-08-19 09:05:01','1976-06-05 02:39:25'),(42,'Raul','Ryan','ahmed.schuster@example.com','1-454-717-9480x520','1977-09-26 12:11:36','1992-09-18 10:11:57'),(43,'Felicita','Stroman','ereynolds@example.net','1-161-544-0991','1994-11-10 14:47:00','1981-05-08 20:38:30'),(44,'Kari','Herman','kayley06@example.com','102-763-4157x503','1987-12-10 09:57:27','2000-02-19 02:53:53'),(45,'Berniece','Howe','vonrueden.levi@example.net','372-743-7746x0438','2017-11-26 06:14:49','1977-09-02 06:57:44'),(46,'Destinee','Oberbrunner','cblick@example.com','591-794-7626','1986-08-20 13:36:42','1972-09-07 06:40:41'),(47,'Reba','Kiehn','travis08@example.net','264-396-3882','2003-06-06 20:32:27','2008-12-26 17:29:54'),(48,'Johan','Murazik','florence66@example.com','1-350-767-5470x11599','2015-05-09 18:25:20','1980-06-05 11:12:18'),(49,'Stephany','Mraz','mcdermott.ora@example.com','(636)326-1827x9810','1985-01-28 09:57:40','1991-05-22 11:35:00'),(50,'Domenic','Kessler','ihane@example.net','150.777.2598x643','1990-07-13 04:06:49','2010-07-25 23:30:04'),(51,'Kaylin','Johnson','friesen.eva@example.net','01657455970','2006-12-11 21:38:26','1981-04-25 07:02:43'),(52,'Lonie','Kreiger','willis90@example.com','08297254521','1985-01-06 12:59:02','2009-04-13 22:11:49'),(53,'Waino','White','winifred08@example.net','00478951263','1988-07-29 15:07:51','1975-08-30 15:34:49'),(54,'Jensen','D\'Amore','edwardo.wiegand@example.com','07336026274','1984-02-25 05:48:16','1987-04-02 18:00:28'),(55,'Raymundo','Hickle','jody.kris@example.net','+56(6)6434212966','1991-01-12 06:57:35','2000-04-13 10:11:13'),(56,'Freddy','Ondricka','isaias46@example.net','1-087-912-4065x944','1993-06-27 20:41:12','1979-12-21 19:44:29'),(57,'Sam','Daugherty','schneider.brady@example.com','1-678-906-1462x50098','1973-05-19 06:52:24','2018-12-06 01:43:00'),(58,'Treva','Rutherford','sauer.oren@example.net','1-202-360-9221','1983-01-18 22:45:10','2011-08-26 01:11:20'),(59,'Israel','Trantow','cayla53@example.net','+98(3)6028792393','2018-08-13 07:37:31','2020-11-02 21:58:45'),(60,'Flossie','Klein','prohaska.erick@example.com','043.137.8163','1979-10-01 00:28:27','2000-08-25 16:52:07'),(61,'Nico','O\'Keefe','jolie.koss@example.org','(802)819-9879x63350','2006-01-27 18:40:42','2002-09-10 13:24:15'),(62,'Genevieve','Bashirian','twhite@example.org','318.020.9660','1983-01-18 09:21:57','1973-01-31 22:51:30'),(63,'Deion','Hand','kallie.bechtelar@example.org','823.543.1070x649','2006-06-13 17:20:07','1974-02-05 22:32:03'),(64,'Lillie','Carroll','pacocha.ferne@example.com','1-762-865-8580x89564','2007-01-19 09:20:13','2003-11-11 23:44:52'),(65,'Milo','Wolf','russel26@example.org','(868)748-1064x860','2006-09-05 05:39:31','2015-06-24 07:18:33'),(66,'Sydney','Predovic','mitchell.sydney@example.net','1-456-583-1210x57752','1986-08-23 15:59:04','1999-11-25 05:16:27'),(67,'Zachery','Lowe','flatley.darrin@example.com','(238)493-2339x86525','1997-07-21 08:08:36','2019-02-03 00:49:17'),(68,'Jackeline','Moore','delfina.hintz@example.net','08030195009','1994-01-13 06:47:04','1988-08-08 02:38:13'),(69,'Kavon','Prohaska','elda.lowe@example.com','029.659.4796','2006-10-16 23:08:00','1998-06-09 23:59:54'),(70,'Amir','Hettinger','caroline97@example.org','06667874379','1990-04-06 11:44:45','2001-03-13 20:11:38'),(71,'Dudley','Cassin','dell.armstrong@example.org','(616)362-1990','2010-02-13 08:04:30','2004-05-08 18:11:33'),(72,'Santino','Stoltenberg','oweimann@example.org','441.572.3521x1533','2014-11-02 13:15:39','2014-02-25 04:37:26'),(73,'Julien','Klein','kemmer.colton@example.net','02606514430','2009-02-10 03:36:11','1976-04-21 00:50:21'),(74,'Furman','Welch','osinski.melissa@example.org','(329)294-5367x004','2012-10-25 23:53:52','1989-07-15 06:59:51'),(75,'Taurean','Zboncak','marilyne.eichmann@example.net','654-879-3207x8382','2005-08-01 00:00:59','1987-10-11 10:00:02'),(76,'Cade','Spencer','pkautzer@example.com','+26(0)5576442605','1993-10-16 23:23:12','1987-08-14 13:41:45'),(77,'Colby','Roob','tyler.mraz@example.com','1-989-904-5447','1997-07-31 07:56:40','1984-10-06 14:14:05'),(78,'Lavonne','Bayer','emard.shad@example.net','(842)070-4465x347','1977-11-04 11:45:41','1988-01-03 04:01:03'),(79,'Jany','Mohr','micah45@example.com','1-214-008-4917x3368','1992-08-11 17:57:52','1976-11-28 00:56:55'),(80,'Talia','Hackett','barry.fahey@example.net','540-999-3038','1972-03-30 09:00:37','2000-10-07 23:26:24'),(81,'Camilla','Nader','orrin.dach@example.net','584-513-3897','1984-01-31 13:01:24','2015-06-13 12:04:50'),(82,'Jerad','Johnston','boyer.horacio@example.net','(339)011-1355x44231','1995-10-08 05:00:35','1999-08-10 08:55:48'),(83,'Marilou','Ondricka','wjacobs@example.net','806.568.3380x86439','2014-05-20 21:10:13','1989-10-03 05:36:05'),(84,'Corene','Beer','ygreen@example.org','011-067-1623x9894','2008-02-12 03:01:32','1972-03-28 17:43:05'),(85,'Freddie','Hagenes','torphy.brenda@example.com','+13(0)3622775090','1993-11-30 14:47:33','2008-12-13 01:55:58'),(86,'Hank','Breitenberg','fabiola.metz@example.com','(932)645-4197x73576','1991-08-25 23:31:53','1975-11-12 12:07:20'),(87,'Alexis','Terry','bechtelar.caleb@example.org','1-246-133-7144','1983-08-18 08:34:07','1989-08-26 18:08:49'),(88,'Doyle','Bradtke','kkoch@example.com','071.024.1266','1973-04-19 06:57:22','1985-10-28 10:34:09'),(89,'Urban','Hermiston','slarkin@example.com','(354)882-7641x14523','2014-09-25 16:38:59','1979-01-11 22:17:23'),(90,'Isaac','Olson','brandi.williamson@example.net','1-389-808-2015x1641','1995-03-14 03:59:20','1976-02-07 09:45:52'),(91,'Theresia','Murphy','felicia49@example.net','+10(3)8784537883','1979-07-27 20:40:22','2007-08-09 10:18:12'),(92,'Evert','Hermiston','gwen.carter@example.org','04980866122','2018-06-05 22:31:05','1996-04-25 21:46:41'),(93,'Luisa','D\'Amore','donny.mante@example.com','(296)271-0462x20406','2006-02-28 21:56:04','1975-06-04 15:33:38'),(94,'Luis','Zemlak','wiegand.leanna@example.com','085-577-7604','1973-01-30 03:07:55','1971-01-14 11:57:39'),(95,'Dale','Goldner','gframi@example.org','217.827.9226x0185','1995-12-06 20:01:00','1985-07-31 09:26:43'),(96,'Corrine','Kertzmann','jones.gerardo@example.org','1-204-898-0666x63246','2002-03-07 17:20:38','1977-05-31 14:18:19'),(97,'Herbert','Block','maurine.schmidt@example.org','727-751-7836x1058','2011-03-01 02:13:13','2004-06-30 12:41:39'),(98,'Myriam','Carroll','pwalsh@example.com','831.459.5667x8980','2004-04-26 05:04:16','1984-02-09 03:02:52'),(99,'Lelah','Tremblay','kyost@example.com','724.263.9121x97688','1980-07-29 15:44:20','1984-12-27 10:34:07'),(100,'Jovani','Berge','terry.katharina@example.com','941-965-8074','1984-04-06 22:32:50','2015-09-05 20:20:20');
/*!40000 ALTER TABLE `users` ENABLE KEYS */;
UNLOCK TABLES;
/*!40103 SET TIME_ZONE=@OLD_TIME_ZONE */;

/*!40101 SET SQL_MODE=@OLD_SQL_MODE */;
/*!40014 SET FOREIGN_KEY_CHECKS=@OLD_FOREIGN_KEY_CHECKS */;
/*!40014 SET UNIQUE_CHECKS=@OLD_UNIQUE_CHECKS */;
/*!40101 SET CHARACTER_SET_CLIENT=@OLD_CHARACTER_SET_CLIENT */;
/*!40101 SET CHARACTER_SET_RESULTS=@OLD_CHARACTER_SET_RESULTS */;
/*!40101 SET COLLATION_CONNECTION=@OLD_COLLATION_CONNECTION */;
/*!40111 SET SQL_NOTES=@OLD_SQL_NOTES */;

-- Dump completed on 2021-03-10 23:31:46
